Gene,Module
A2BP1,turquoise
A2M,brown
AACS,turquoise
AADACL1,turquoise
AAK1,turquoise
AARSD1,turquoise
AASDH,blue
AASDHPPT,turquoise
ABCA1,blue
ABCA2,pink
ABCA8,pink
ABCC10,green
ABCC12,turquoise
ABCC4,blue
ABCC5,turquoise
ABCG4,turquoise
ABHD12,turquoise
ABHD14A,turquoise
ABHD4,blue
ABHD8,turquoise
ABI1,turquoise
ABI2,turquoise
ABI3,yellow
ABI3BP,blue
ABLIM1,blue
ABLIM2,turquoise
ABLIM3,blue
ABTB1,turquoise
ABTB2,green
ACAA2,brown
ACACA,turquoise
ACACB,blue
ACAD8,turquoise
ACADL,blue
ACADM,blue
ACADS,blue
ACADVL,blue
ACCN1,turquoise
ACCN2,brown
ACD,green
ACN9,brown
ACO1,blue
ACO2,brown
ACOT1,tan
ACOT2,red
ACOT7,turquoise
ACOT8,turquoise
ACOX2,blue
ACP1,red
ACRV1,turquoise
ACSL1,brown
ACSL4,turquoise
ACSL5,yellow
ACSL6,turquoise
ACSM5,blue
ACSS1,blue
ACTA1,turquoise
ACTA2,yellow
ACTG1,red
ACTL6A,blue
ACTL6B,turquoise
ACTN2,turquoise
ACTR10,turquoise
ACTR1A,turquoise
ACTR1B,turquoise
ACTR2,purple
ACTR3,magenta
ACTR3B,turquoise
ACTR6,turquoise
ACVR1B,turquoise
ACYP1,turquoise
ADAM10,red
ADAM11,turquoise
ADAM19,green
ADAM23,turquoise
ADAMTS9,blue
ADAMTSL3,blue
ADAP2,yellow
ADARB1,turquoise
ADCY1,turquoise
ADCY2,turquoise
ADCY6,green
ADCY8,blue
ADCY9,turquoise
ADD3,blue
ADIPOR2,salmon
ADM,lightcyan
ADNP,brown
ADORA2B,turquoise
ADORA3,yellow
ADRB2,blue
ADSL,turquoise
ADSS,turquoise
AEBP1,blue
AEBP2,blue
AES,turquoise
AFF2,turquoise
AFF3,turquoise
AFG3L2,turquoise
AFTPH,turquoise
AGA,blue
AGAP2,turquoise
AGAP3,turquoise
AGFG2,blue
AGGF1,turquoise
AGK,turquoise
AGPAT1,green
AGPAT4,green
AGPAT5,tan
AGT,blue
AGTRAP,blue
AGXT2L1,blue
AGXT2L2,blue
AHCTF1,greenyellow
AHCY,turquoise
AHCYL1,blue
AHI1,turquoise
AHNAK,blue
AHR,black
AHSA1,turquoise
AIF1,yellow
AIFM1,turquoise
AIG1,brown
AIMP2,turquoise
AIP,green
AIRE,black
AJAP1,turquoise
AK1,tan
AK3,blue
AK5,turquoise
AKAP11,magenta
AKAP13,greenyellow
AKAP6,turquoise
AKAP7,turquoise
AKAP8,green
AKAP8L,green
AKIRIN1,purple
AKIRIN2,turquoise
AKR1A1,yellow
AKR1C3,blue
AKR1C4,blue
AKR1D1,black
ALAD,blue
ALCAM,blue
ALDH1A1,blue
ALDH1L1,blue
ALDH2,blue
ALDH3A2,blue
ALDH7A1,blue
ALDH9A1,blue
ALDOA,red
ALDOC,turquoise
ALG13,tan
ALKBH6,turquoise
ALOX5,yellow
ALOX5AP,yellow
ALPK1,turquoise
ALPP,black
ALS2,turquoise
ALS2CR14,black
ALS2CR16,turquoise
AMN1,magenta
AMOT,blue
AMPH,turquoise
AMT,blue
AMY1C,brown
AMZ2,tan
ANG,blue
ANGEL1,green
ANGEL2,turquoise
ANGPT1,blue
ANGPT2,blue
ANGPTL4,blue
ANKFY1,blue
ANKHD1,blue
ANKMY2,turquoise
ANKRD13A,pink
ANKRD19,turquoise
ANKRD20A1,purple
ANKRD22,greenyellow
ANKRD29,turquoise
ANKRD30B,black
ANKRD33,yellow
ANKRD34A,turquoise
ANKRD35,blue
ANKRD39,turquoise
ANKRD43,turquoise
ANKRD46,turquoise
ANKRD54,green
ANKRD57,blue
ANKRD9,turquoise
ANKS1B,purple
ANKS3,green
ANLN,pink
ANO10,green
ANO6,blue
ANP32B,salmon
ANTXR1,blue
ANTXR2,blue
ANXA1,blue
ANXA2,blue
ANXA2P1,yellow
ANXA5,blue
ANXA6,turquoise
AOAH,yellow
AOF2,turquoise
AP1G1,red
AP1S1,red
AP1S2,blue
AP2A1,turquoise
AP2A2,turquoise
AP2B1,turquoise
AP2M1,turquoise
AP2S1,turquoise
AP3B1,blue
AP3B2,turquoise
AP3D1,turquoise
AP3M2,turquoise
AP3S1,turquoise
AP4B1,turquoise
AP4E1,green
APBA2,turquoise
APBA3,blue
APBB1IP,blue
APBB2,red
APBB3,turquoise
APC2,blue
APCDD1,blue
APEG1,turquoise
APH1A,blue
APITD1,turquoise
APLN,blue
APLNR,blue
APLP1,green
APM-1,green
APOBEC3F,yellow
APOBEC3G,yellow
APOC1,yellow
APOC2,yellow
APOL1,turquoise
APOL3,yellow
APOLD1,greenyellow
APOM,blue
APOO,turquoise
APPL2,blue
AQP1,blue
AQP11,turquoise
AQP4,blue
ARAF,blue
ARF1,turquoise
ARF3,turquoise
ARF5,turquoise
ARFGEF1,turquoise
ARFIP1,brown
ARHGAP12,tan
ARHGAP17,blue
ARHGAP19,blue
ARHGAP20,turquoise
ARHGAP23,pink
ARHGAP25,yellow
ARHGAP30,yellow
ARHGAP4,yellow
ARHGAP9,yellow
ARHGDIB,yellow
ARHGDIG,turquoise
ARHGEF10,salmon
ARHGEF11,turquoise
ARHGEF12,turquoise
ARHGEF17,green
ARHGEF2,pink
ARHGEF3,turquoise
ARHGEF4,turquoise
ARHGEF6,blue
ARHGEF7,turquoise
ARHGEF9,turquoise
ARID4B,black
ARL1,turquoise
ARL15,turquoise
ARL16,black
ARL2BP,tan
ARL3,turquoise
ARL5A,grey60
ARL6IP1,turquoise
ARL6IP5,brown
ARL6IP6,tan
ARL8B,magenta
ARMC1,black
ARMC10,midnightblue
ARMC7,turquoise
ARMC8,turquoise
ARMCX1,red
ARMCX2,turquoise
ARMCX3,red
ARMCX6,brown
ARNTL,turquoise
ARPC1A,turquoise
ARPC1B,tan
ARPC2,turquoise
ARPC3,red
ARPC4,red
ARPC5,brown
ARPC5L,turquoise
ARPP-21,turquoise
ARRB1,blue
ARRDC2,greenyellow
ARRDC4,blue
ARSD,blue
ARV1,turquoise
ASAH1,red
ASAP3,blue
ASB1,magenta
ASB13,green
ASB6,green
ASCC1,salmon
ASCC2,blue
ASCL1,blue
ASCL2,yellow
ASF1A,blue
ASH2L,turquoise
ASNS,turquoise
ASNSD1,turquoise
ASPA,pink
ASPH,red
ASPHD1,turquoise
ASPHD2,turquoise
ASTN1,turquoise
ASTN2,blue
ASXL1,green
ASXL2,grey60
ATAD3A,green
ATCAY,red
ATF3,lightcyan
ATF4,brown
ATG16L1,turquoise
ATG2A,green
ATG4B,red
ATG9A,green
ATIC,green
ATM,yellow
ATN1,blue
ATOH8,greenyellow
ATP10B,pink
ATP13A2,turquoise
ATP1A1,turquoise
ATP1A2,tan
ATP1A3,turquoise
ATP1B1,turquoise
ATP1B2,blue
ATP1B3,brown
ATP2A2,turquoise
ATP2B1,turquoise
ATP2B2,turquoise
ATP2B3,turquoise
ATP2C1,red
ATP5A1,turquoise
ATP5B,turquoise
ATP5C1,red
ATP5D,turquoise
ATP5F1,midnightblue
ATP5G1,turquoise
ATP5G3,turquoise
ATP5H,turquoise
ATP5I,turquoise
ATP5J,midnightblue
ATP5J2,midnightblue
ATP5L,midnightblue
ATP5O,midnightblue
ATP5SL,turquoise
ATP6AP1,turquoise
ATP6AP2,turquoise
ATP6V0A1,turquoise
ATP6V0B,turquoise
ATP6V0C,turquoise
ATP6V0D1,turquoise
ATP6V0E1,blue
ATP6V0E2,turquoise
ATP6V1A,turquoise
ATP6V1B2,turquoise
ATP6V1C1,turquoise
ATP6V1D,turquoise
ATP6V1E1,turquoise
ATP6V1E2,blue
ATP6V1F,turquoise
ATP6V1G1,brown
ATP6V1G2,turquoise
ATP6V1H,turquoise
ATP8B4,yellow
ATPAF1,turquoise
ATPGD1,pink
ATPIF1,turquoise
ATRIP,green
ATRNL1,turquoise
ATXN1,magenta
ATXN10,turquoise
ATXN7L2,turquoise
ATXN7L3,turquoise
AUH,turquoise
AVPI1,turquoise
AXIN2,blue
AXL,blue
AXUD1,blue
AZIN1,blue
B2M,brown
B3GALNT1,turquoise
B3GALTL,blue
B3GAT1,turquoise
B3GNT4,turquoise
B3GNT6,turquoise
B4GALNT1,turquoise
B4GALT1,yellow
B4GALT3,turquoise
B4GALT4,blue
B4GALT5,turquoise
B4GALT6,turquoise
B9D2,turquoise
BAALC,blue
BAD,red
BAG3,blue
BAI2,turquoise
BAI3,turquoise
BAIAP2,turquoise
BANK1,blue
BANP,blue
BAP1,turquoise
BARD1,grey60
BASP1,turquoise
BAT1,blue
BAT2,green
BAT3,green
BBOX1,blue
BBS1,blue
BBS12,turquoise
BBS2,blue
BBS4,turquoise
BBS7,turquoise
BBX,cyan
BCAR1,green
BCAR3,blue
BCAS4,turquoise
BCCIP,red
BCHE,brown
BCKDHB,blue
BCL11A,turquoise
BCL11B,turquoise
BCL2,blue
BCL2L1,green
BCL2L13,blue
BCL2L2,green
BCL6,greenyellow
BCL7B,turquoise
BCL7C,blue
BCMO1,blue
BCORL1,green
BCR,turquoise
BCYRN1,turquoise
BDH1,turquoise
BEGAIN,turquoise
BEND6,turquoise
BEST1,salmon
BEX1,turquoise
BEX2,turquoise
BEX4,red
BEX5,turquoise
BEXL1,turquoise
BGN,blue
BHLHB2,blue
BHLHB3,blue
BHLHE22,turquoise
BIN1,pink
BIRC3,black
BLCAP,turquoise
BLOC1S2,red
BLVRA,brown
BLVRB,brown
BLZF1,black
BMP4,blue
BMPR2,turquoise
BNIP2,blue
BOC,green
BOK,pink
BOLA3,turquoise
BOP1,magenta
BPHL,turquoise
BRD3,cyan
BRE,turquoise
BRF1,green
BRF2,turquoise
BRI3,blue
BRI3BP,purple
BRMS1L,turquoise
BRP44,turquoise
BRP44L,brown
BRSK1,turquoise
BRUNOL4,turquoise
BRUNOL5,turquoise
BRUNOL6,turquoise
BRWD1,turquoise
BSCL2,turquoise
BSDC1,green
BSG,green
BSN,turquoise
BST2,yellow
BTBD1,red
BTBD10,turquoise
BTBD16,pink
BTBD3,turquoise
BTBD6,turquoise
BTBD7,blue
BTBD9,turquoise
BTD,blue
BTF3,blue
BTF3L4,midnightblue
BTG2,lightcyan
BTK,yellow
BTN3A1,yellow
BTN3A2,yellow
BTNL9,turquoise
BTRC,turquoise
BUD31,green
BYSL,turquoise
BZRAP1,turquoise
BZW2,turquoise
C10orf10,greenyellow
C10orf107,blue
C10orf11,yellow
C10orf116,blue
C10orf2,green
C10orf33,blue
C10orf35,turquoise
C10orf39,green
C10orf54,greenyellow
C10orf6,salmon
C10orf65,blue
C10orf76,blue
C10orf78,tan
C10orf90,pink
C11orf10,blue
C11orf2,turquoise
C11orf41,turquoise
C11orf49,red
C11orf51,red
C11orf54,blue
C11orf63,black
C11orf67,blue
C11orf73,red
C11orf80,turquoise
C11orf87,turquoise
C11orf9,pink
C12orf10,turquoise
C12orf23,brown
C12orf24,turquoise
C12orf26,blue
C12orf29,brown
C12orf34,pink
C12orf39,tan
C12orf4,turquoise
C12orf43,turquoise
C12orf44,turquoise
C12orf45,turquoise
C12orf47,turquoise
C12orf52,turquoise
C12orf53,turquoise
C12orf62,brown
C12orf76,turquoise
C13orf1,turquoise
C13orf15,greenyellow
C13orf27,brown
C14orf102,cyan
C14orf106,yellow
C14orf124,red
C14orf129,turquoise
C14orf132,turquoise
C14orf135,blue
C14orf138,turquoise
C14orf147,blue
C14orf153,black
C14orf156,midnightblue
C14orf159,blue
C14orf166,brown
C14orf2,turquoise
C14orf78,green
C14orf79,turquoise
C14orf85,black
C14orf93,blue
C15orf27,turquoise
C15orf52,blue
C15orf57,turquoise
C15orf59,turquoise
C15orf63,black
C16orf13,turquoise
C16orf30,greenyellow
C16orf33,turquoise
C16orf45,turquoise
C16orf5,blue
C16orf56,green
C16orf57,turquoise
C16orf58,turquoise
C16orf7,turquoise
C16orf70,turquoise
C16orf75,turquoise
C16orf80,turquoise
C16orf87,turquoise
C16orf91,turquoise
C16orf93,turquoise
C17orf101,blue
C17orf108,turquoise
C17orf58,turquoise
C17orf59,green
C17orf61,blue
C17orf63,purple
C17orf68,turquoise
C17orf69,turquoise
C17orf81,turquoise
C18orf10,blue
C18orf16,blue
C18orf32,brown
C18orf45,purple
C18orf56,pink
C19orf12,turquoise
C19orf2,blue
C19orf22,turquoise
C19orf28,turquoise
C19orf30,turquoise
C19orf31,black
C19orf4,turquoise
C19orf42,blue
C19orf43,brown
C19orf54,blue
C19orf6,blue
C19orf62,turquoise
C1QA,yellow
C1QB,yellow
C1QC,yellow
C1QL2,turquoise
C1QTNF1,blue
C1QTNF4,turquoise
C1QTNF5,blue
C1R,yellow
C1RL,blue
C1S,blue
C1orf102,turquoise
C1orf109,red
C1orf110,blue
C1orf115,turquoise
C1orf128,turquoise
C1orf131,blue
C1orf135,turquoise
C1orf144,blue
C1orf149,turquoise
C1orf162,yellow
C1orf166,green
C1orf173,turquoise
C1orf183,turquoise
C1orf198,salmon
C1orf21,turquoise
C1orf216,turquoise
C1orf24,yellow
C1orf41,midnightblue
C1orf50,turquoise
C1orf52,turquoise
C1orf53,turquoise
C1orf54,yellow
C1orf55,blue
C1orf59,turquoise
C1orf64,greenyellow
C1orf71,cyan
C1orf88,blue
C20orf100,turquoise
C20orf103,turquoise
C20orf11,blue
C20orf117,blue
C20orf177,cyan
C20orf201,turquoise
C20orf24,midnightblue
C20orf27,red
C20orf3,turquoise
C20orf30,blue
C20orf43,blue
C20orf46,turquoise
C20orf7,turquoise
C20orf94,black
C21orf24,black
C21orf33,red
C21orf51,midnightblue
C21orf55,black
C21orf62,blue
C22orf13,blue
C22orf29,turquoise
C22orf36,blue
C22orf39,turquoise
C2CD2L,turquoise
C2orf25,turquoise
C2orf28,blue
C2orf30,turquoise
C2orf32,turquoise
C2orf47,turquoise
C2orf56,turquoise
C2orf76,brown
C2orf82,blue
C3,yellow
C3AR1,yellow
C3orf14,turquoise
C3orf19,blue
C3orf26,turquoise
C3orf31,turquoise
C3orf33,turquoise
C3orf34,turquoise
C3orf38,red
C3orf39,turquoise
C3orf58,salmon
C4orf14,green
C4orf18,brown
C4orf31,blue
C4orf34,purple
C4orf41,turquoise
C4orf44,turquoise
C5,blue
C5AR1,lightcyan
C5orf28,black
C5orf33,brown
C5orf4,pink
C5orf41,cyan
C5orf44,red
C5orf5,turquoise
C5orf51,blue
C6orf1,red
C6orf108,blue
C6orf115,magenta
C6orf117,turquoise
C6orf129,blue
C6orf130,blue
C6orf134,turquoise
C6orf136,turquoise
C6orf154,turquoise
C6orf168,turquoise
C6orf192,blue
C6orf52,blue
C6orf57,turquoise
C6orf62,blue
C6orf66,turquoise
C7orf20,red
C7orf26,green
C7orf28A,red
C7orf43,turquoise
C7orf44,midnightblue
C7orf55,green
C7orf70,turquoise
C8orf13,blue
C8orf37,black
C8orf38,turquoise
C8orf45,black
C8orf46,turquoise
C8orf55,turquoise
C8orf59,brown
C9orf102,turquoise
C9orf103,blue
C9orf109,blue
C9orf10OS,blue
C9orf116,turquoise
C9orf123,turquoise
C9orf125,turquoise
C9orf127,turquoise
C9orf130,black
C9orf140,green
C9orf156,blue
C9orf16,turquoise
C9orf164,pink
C9orf25,green
C9orf4,purple
C9orf45,turquoise
C9orf61,blue
C9orf64,blue
C9orf7,green
C9orf80,black
C9orf89,blue
C9orf91,turquoise
CA10,turquoise
CA11,turquoise
CA4,turquoise
CA7,turquoise
CAB39,turquoise
CABIN1,green
CABLES2,green
CABP1,turquoise
CABP7,turquoise
CABYR,turquoise
CACNA1E,turquoise
CACNA1H,turquoise
CACNA1I,turquoise
CACNA2D3,turquoise
CACNB1,turquoise
CACNB2,turquoise
CACNB3,turquoise
CACNG3,turquoise
CACNG7,turquoise
CACYBP,red
CADM2,turquoise
CADM3,turquoise
CADPS,turquoise
CADPS2,turquoise
CALCOCO1,green
CALD1,blue
CALM1,turquoise
CALM2,turquoise
CALM3,turquoise
CALML4,brown
CALN1,purple
CALR,black
CAMK1,turquoise
CAMK1D,purple
CAMK1G,turquoise
CAMK2A,turquoise
CAMK2B,turquoise
CAMK2G,blue
CAMK2N1,purple
CAMKV,turquoise
CAMLG,turquoise
CAMSAP1,turquoise
CAMSAP1L1,turquoise
CAMTA1,turquoise
CAND2,turquoise
CAP1,blue
CAP2,turquoise
CAPG,yellow
CAPN3,pink
CAPRIN1,turquoise
CAPRIN2,turquoise
CAPS,blue
CAPZA2,turquoise
CARM1,turquoise
CARTPT,turquoise
CASC3,blue
CASC4,tan
CASD1,red
CASK,blue
CASKIN1,turquoise
CASP1,yellow
CASP4,yellow
CAST,brown
CAT,tan
CATSPER2,black
CAV1,blue
CBARA1,turquoise
CBLN2,turquoise
CBR3,blue
CBX1,brown
CBX3,purple
CBX6,turquoise
CBX7,green
CBY1,blue
CC2D1A,green
CC2D2A,blue
CCBE1,black
CCDC102A,blue
CCDC104,magenta
CCDC106,turquoise
CCDC109A,turquoise
CCDC109B,yellow
CCDC12,green
CCDC132,turquoise
CCDC136,turquoise
CCDC14,blue
CCDC28A,turquoise
CCDC34,purple
CCDC47,turquoise
CCDC50,yellow
CCDC56,turquoise
CCDC6,turquoise
CCDC72,brown
CCDC85B,turquoise
CCDC86,green
CCDC92,turquoise
CCDC97,salmon
CCK,turquoise
CCKBR,turquoise
CCL2,lightcyan
CCL3,lightcyan
CCL3L1,lightcyan
CCL3L3,lightcyan
CCL4L1,lightcyan
CCL4L2,lightcyan
CCL5,yellow
CCM2,turquoise
CCNA1,turquoise
CCNC,red
CCNDBP1,turquoise
CCNE1,turquoise
CCNF,turquoise
CCNG1,brown
CCNH,magenta
CCNI,cyan
CCNK,salmon
CCNL2,turquoise
CCNY,cyan
CCPG1,blue
CCR1,yellow
CCR6,black
CCRK,turquoise
CCRN4L,turquoise
CCT2,turquoise
CCT4,green
CCT6A,turquoise
CCT6P1,brown
CCT7,turquoise
CCT8,turquoise
CD14,yellow
CD151,blue
CD163,yellow
CD2,yellow
CD200,turquoise
CD22,green
CD24,turquoise
CD248,yellow
CD276,yellow
CD300A,yellow
CD33,yellow
CD37,yellow
CD3D,yellow
CD44,blue
CD52,yellow
CD53,yellow
CD58,blue
CD68,yellow
CD69,yellow
CD74,yellow
CD81,blue
CD83,lightcyan
CD86,yellow
CD9,brown
CD93,yellow
CD97,yellow
CD99,blue
CDAN1,black
CDC14B,blue
CDC16,brown
CDC26,blue
CDC2L6,pink
CDC37,turquoise
CDC40,turquoise
CDC42,brown
CDC42BPB,green
CDC42EP4,blue
CDC42SE2,magenta
CDC5L,brown
CDCA5,turquoise
CDCA7,blue
CDH10,turquoise
CDH11,magenta
CDH12,turquoise
CDH18,turquoise
CDH4,green
CDH8,turquoise
CDK10,turquoise
CDK4,blue
CDK5,turquoise
CDK5R1,turquoise
CDK5R2,turquoise
CDKL2,turquoise
CDKN1A,lightcyan
CDKN1B,brown
CDKN1C,green
CDKN2AIPNL,black
CDKN2D,turquoise
CDO1,brown
CDR2,turquoise
CDR2L,pink
CDRT15L2,turquoise
CDRT4,green
CDS1,purple
CDV3,brown
CEBPA,yellow
CEBPB,greenyellow
CEBPD,greenyellow
CEBPG,blue
CECR1,yellow
CECR6,turquoise
CELSR2,turquoise
CELSR3,turquoise
CEND1,turquoise
CENPB,blue
CENPV,turquoise
CENTA1,turquoise
CENTB2,blue
CENTG3,turquoise
CEP164,green
CEP27,black
CEP350,cyan
CEP63,blue
CEP68,purple
CETN3,blue
CFB,yellow
CFD,yellow
CFI,yellow
CFL1,magenta
CGNL1,blue
CGRRF1,brown
CH25H,lightcyan
CHCHD10,turquoise
CHCHD4,turquoise
CHCHD6,turquoise
CHD4,blue
CHD5,turquoise
CHD8,cyan
CHES1,blue
CHGA,turquoise
CHGB,turquoise
CHI3L2,yellow
CHKA,greenyellow
CHL1,red
CHM,turquoise
CHMP1B,red
CHMP4A,brown
CHMP4B,turquoise
CHMP5,red
CHN1,turquoise
CHN2,turquoise
CHODL,blue
CHPF,green
CHPT1,blue
CHRD,turquoise
CHRM1,turquoise
CHRNA5,black
CHST1,turquoise
CHST10,green
CHST14,blue
CHST15,turquoise
CHST3,greenyellow
CHST6,blue
CHST8,turquoise
CHSY1,greenyellow
CHSY3,turquoise
CIAPIN1,turquoise
CIB1,blue
CIC,green
CICE,red
CIR1,brown
CIRH1A,turquoise
CISD1,turquoise
CITED2,brown
CITED4,blue
CKB,green
CKLF,yellow
CKMT1A,turquoise
CKMT1B,turquoise
CLASP1,turquoise
CLASP2,red
CLCA4,pink
CLDN11,pink
CLDN5,greenyellow
CLDND1,pink
CLEC2L,turquoise
CLEC4G,turquoise
CLEC4GP1,turquoise
CLIC1,blue
CLIC4,yellow
CLIC6,turquoise
CLINT1,turquoise
CLIP1,brown
CLIP2,salmon
CLIP3,turquoise
CLN5,blue
CLNS1A,blue
CLPTM1,green
CLPX,green
CLSTN2,turquoise
CLTA,turquoise
CLTB,turquoise
CLTC,magenta
CLU,tan
CLUAP1,black
CMAS,turquoise
CMBL,blue
CMIP,turquoise
CMPK1,brown
CMTM3,blue
CMTM5,pink
CMTM6,yellow
CMTM7,yellow
CNBP,brown
CNDP1,pink
CNFN,turquoise
CNIH,red
CNIH2,turquoise
CNIH3,turquoise
CNIH4,brown
CNKSR3,pink
CNN3,yellow
CNNM1,turquoise
CNOT1,blue
CNOT3,green
CNOT6,blue
CNOT8,brown
CNP,pink
CNPY3,yellow
CNTFR,blue
CNTN1,red
CNTN2,pink
CNTN3,turquoise
CNTNAP1,turquoise
CNTNAP2,turquoise
CNTNAP4,pink
CNTNAP5,purple
COBL,pink
COBRA1,green
COG1,turquoise
COG2,blue
COG7,green
COIL,green
COL1A1,yellow
COL1A2,yellow
COL4A3BP,cyan
COL4A5,pink
COL5A2,turquoise
COL6A1,blue
COL6A2,blue
COL9A2,pink
COLEC12,blue
COMMD6,tan
COMMD7,turquoise
COMMD8,midnightblue
COMT,blue
COPB1,blue
COPE,tan
COPG,turquoise
COPS2,brown
COPS3,turquoise
COPS4,turquoise
COPS5,turquoise
COPS7A,turquoise
COPS8,magenta
COPZ2,blue
COQ10B,red
COQ3,turquoise
COQ6,turquoise
CORO1B,blue
CORO1C,brown
CORO2B,green
CORO6,green
CORT,turquoise
COX10,turquoise
COX11,turquoise
COX4I1,turquoise
COX5A,turquoise
COX5B,midnightblue
COX6A1,turquoise
COX6B1,midnightblue
COX6C,turquoise
COX7A2,midnightblue
COX7B,magenta
COX7C,turquoise
COX8A,turquoise
CPAMD8,blue
CPE,brown
CPEB1,turquoise
CPEB3,purple
CPLX2,turquoise
CPNE3,blue
CPNE4,turquoise
CPNE6,turquoise
CPNE7,turquoise
CPNE8,turquoise
CPS1,blue
CPSF2,blue
CPSF3,brown
CPSF4,blue
CPT1C,turquoise
CPT2,blue
CPVL,yellow
CRAT,green
CRCP,black
CREB1,black
CREB3L2,blue
CREB5,pink
CREG1,yellow
CREG2,purple
CRELD1,turquoise
CRHBP,turquoise
CRIP1,yellow
CRIP2,turquoise
CRIPAK,green
CRISPLD1,blue
CRISPLD2,greenyellow
CRKL,blue
CRLF1,blue
CRMP1,turquoise
CRNKL1,green
CROP,brown
CRSP2,turquoise
CRTAP,blue
CRY1,brown
CRY2,turquoise
CRYAB,salmon
CRYL1,blue
CRYM,turquoise
CSDA,yellow
CSF1R,yellow
CSF2RA,yellow
CSF3R,yellow
CSGALNACT1,blue
CSK,yellow
CSMD1,turquoise
CSMD3,turquoise
CSNK1A1,red
CSNK1G1,turquoise
CSNK1G3,turquoise
CSNK2A1,turquoise
CSNK2A1P,turquoise
CSNK2A2,green
CSPG5,turquoise
CSRNP2,turquoise
CSRNP3,cyan
CSRP1,blue
CSRP2,blue
CSTB,blue
CSTF3,midnightblue
CTBP1,magenta
CTDSP1,blue
CTDSP2,blue
CTDSPL,blue
CTGF,greenyellow
CTHRC1,yellow
CTNNA1,salmon
CTNNB1,red
CTNND2,blue
CTPS,turquoise
CTPS2,blue
CTSC,yellow
CTSD,yellow
CTSF,blue
CTSH,blue
CTSL1,blue
CTSO,brown
CTSS,yellow
CTSZ,blue
CTXN1,turquoise
CUGBP2,turquoise
CUL1,turquoise
CUL2,turquoise
CUL4A,blue
CUL9,green
CUTL1,blue
CWF19L2,blue
CX3CL1,turquoise
CXADR,purple
CXCL10,yellow
CXCL14,turquoise
CXCL16,yellow
CXCL2,lightcyan
CXCR4,yellow
CXCR7,blue
CXXC5,blue
CXorf12,blue
CXorf40A,turquoise
CXorf40B,turquoise
CYB561,turquoise
CYB5A,tan
CYB5D1,blue
CYB5R2,pink
CYB5R3,yellow
CYBA,yellow
CYBASC3,blue
CYBB,yellow
CYBRD1,blue
CYC1,turquoise
CYCS,turquoise
CYCSL1,red
CYFIP1,yellow
CYFIP2,turquoise
CYGB,turquoise
CYLD,cyan
CYLN2,salmon
CYP11A1,blue
CYP1B1,yellow
CYP26B1,turquoise
CYP27A1,salmon
CYP2J2,salmon
CYP2U1,blue
CYP46A1,turquoise
CYP4F11,blue
CYP4F12,blue
CYP4F3,blue
CYP4V2,blue
CYP4X1,turquoise
CYP51A1,brown
CYR61,lightcyan
CYTSA,blue
D4S234E,turquoise
DAAM1,blue
DAAM2,blue
DAB2,yellow
DACH2,turquoise
DACT3,turquoise
DAD1,blue
DAG1,blue
DAGLA,turquoise
DAK,turquoise
DAO,blue
DAP3,turquoise
DAPK1,turquoise
DAPP1,black
DARS,grey60
DAZAP2,blue
DBC1,turquoise
DBI,blue
DBN1,turquoise
DBNDD1,magenta
DBNDD2,pink
DBT,cyan
DCAF15,green
DCAF6,turquoise
DCAKD,blue
DCBLD2,blue
DCDC5,turquoise
DCLK1,turquoise
DCLK2,blue
DCLRE1C,black
DCN,yellow
DCP2,turquoise
DCTD,blue
DCTN1,turquoise
DCTN3,turquoise
DCTN4,brown
DCTPP1,turquoise
DCUN1D4,turquoise
DCUN1D5,turquoise
DCXR,green
DDA1,turquoise
DDAH1,brown
DDAH2,blue
DDB1,blue
DDIT4,greenyellow
DDIT4L,blue
DDN,turquoise
DDR1,blue
DDR2,grey60
DDX1,turquoise
DDX10,turquoise
DDX17,brown
DDX18,blue
DDX19A,blue
DDX19B,yellow
DDX24,turquoise
DDX25,turquoise
DDX28,turquoise
DDX39,blue
DDX3X,blue
DDX41,turquoise
DDX42,blue
DDX47,brown
DDX51,black
DDX54,turquoise
DDX59,blue
DDX60,yellow
DEAF1,turquoise
DECR1,brown
DEF8,turquoise
DEGS1,brown
DEK,brown
DEM1,black
DENND2A,blue
DENND2D,yellow
DENND5A,salmon
DENND5B,purple
DEPDC5,green
DERA,blue
DEXI,brown
DFNA5,blue
DFNB31,green
DGCR2,green
DGCR5,turquoise
DGCR6,turquoise
DGCR8,green
DGKB,turquoise
DGKG,purple
DGKQ,turquoise
DGUOK,turquoise
DHCR24,turquoise
DHDDS,turquoise
DHDH,turquoise
DHRS11,turquoise
DHRS3,blue
DHRS4,blue
DHRS7,blue
DHRS7B,blue
DHRS9,yellow
DHX15,tan
DHX16,green
DHX36,turquoise
DIAPH3,blue
DIMT1L,brown
DIO2,turquoise
DIP2B,pink
DIRAS2,turquoise
DIRC2,blue
DIS3L2,green
DISP1,yellow
DISP2,turquoise
DKC1,blue
DKFZp434K191,black
DKFZp434N035,turquoise
DKK3,turquoise
DLAT,turquoise
DLD,magenta
DLEC1,blue
DLG2,turquoise
DLG3,turquoise
DLG4,turquoise
DLGAP2,turquoise
DLGAP4,turquoise
DLK2,turquoise
DLST,green
DLX1,turquoise
DMAP1,turquoise
DMC1,black
DMKN,blue
DMXL2,turquoise
DNAH17,pink
DNAH7,green
DNAH9,green
DNAJA2,turquoise
DNAJA3,turquoise
DNAJA4,turquoise
DNAJB1,lightcyan
DNAJB12,brown
DNAJB14,purple
DNAJB2,pink
DNAJB6,red
DNAJC10,brown
DNAJC12,turquoise
DNAJC14,green
DNAJC15,blue
DNAJC19,turquoise
DNAJC25,turquoise
DNAJC27,turquoise
DNAJC5,turquoise
DNAJC7,magenta
DNAJC8,blue
DNAL4,turquoise
DNALI1,blue
DNASE2,blue
DNCL1,turquoise
DNER,blue
DNM1,turquoise
DNM1L,turquoise
DNM2,salmon
DNM3,turquoise
DNTTIP1,brown
DOC2A,turquoise
DOCK1,salmon
DOCK2,yellow
DOCK3,turquoise
DOCK7,blue
DOCK8,blue
DOCK9,red
DOK6,turquoise
DOPEY1,turquoise
DOPEY2,purple
DPEP2,yellow
DPF1,turquoise
DPF3,turquoise
DPH5,red
DPM1,midnightblue
DPM2,turquoise
DPP6,turquoise
DPY19L1,blue
DPYSL3,blue
DPYSL4,turquoise
DR1,brown
DRAM1,blue
DRAP1,green
DRD1IP,turquoise
DRD4,blue
DRG1,midnightblue
DRG2,green
DSCAML1,green
DSE,blue
DSEL,black
DSTN,turquoise
DTD1,turquoise
DTNA,blue
DTNB,turquoise
DTWD2,black
DTX1,green
DTX3,turquoise
DULLARD,green
DUSP1,lightcyan
DUSP13,turquoise
DUSP14,turquoise
DUSP18,blue
DUSP19,black
DUSP23,turquoise
DUSP26,turquoise
DUSP3,purple
DUSP8,purple
DUXAP3,black
DVL3,blue
DYNC1I1,turquoise
DYNC1LI2,salmon
DYNC2LI1,red
DYNLL1,turquoise
DYNLRB1,red
DYNLRB2,blue
DYNLT1,blue
DYNLT3,turquoise
DYRK1A,red
DYRK1B,green
DYRK2,purple
DZIP1,purple
DZIP3,turquoise
E2F3,turquoise
EAF1,magenta
EARS2,turquoise
EBI2,lightcyan
EBNA1BP2,turquoise
ECE2,blue
ECGF1,yellow
ECH1,blue
ECHDC1,brown
ECHDC2,blue
ECHDC3,greenyellow
ECHS1,turquoise
ECM2,blue
ECOP,tan
EDC3,green
EDC4,turquoise
EDG1,tan
EDIL3,red
EDN1,greenyellow
EEF1A1,tan
EEF1A2,turquoise
EEF1D,brown
EEF1E1,midnightblue
EEF1G,tan
EFCAB4A,blue
EFCBP1,turquoise
EFEMP1,blue
EFEMP2,blue
EFHA1,brown
EFHD1,salmon
EFNB2,turquoise
EFNB3,turquoise
EFR3A,turquoise
EFS,salmon
EGFR,blue
EGLN2,magenta
EGR1,lightcyan
EGR2,lightcyan
EGR3,lightcyan
EHBP1,turquoise
EHD3,turquoise
EHD4,yellow
EI24,red
EID2,turquoise
EID2B,turquoise
EIF1,blue
EIF1B,turquoise
EIF2AK1,blue
EIF2AK2,cyan
EIF2AK4,black
EIF2C2,cyan
EIF3A,brown
EIF3C,turquoise
EIF3D,blue
EIF3F,tan
EIF3M,red
EIF4A2,turquoise
EIF4E3,turquoise
EIF4EBP2,blue
EIF4EBP3,blue
EIF4G2,brown
EIF4G3,turquoise
EIF5,purple
EIF5A2,green
EIF5B,blue
ELAC2,green
ELAVL1,turquoise
ELAVL3,turquoise
ELAVL4,turquoise
ELF1,yellow
ELFN2,turquoise
ELK1,turquoise
ELMO2,turquoise
ELMOD1,turquoise
ELOVL1,pink
ELOVL4,turquoise
ELOVL5,brown
ELP4,blue
EMID1,blue
EML3,blue
EMP1,yellow
EMP3,blue
EMX1,turquoise
EMX2,blue
ENAH,blue
ENC1,turquoise
ENDOG,turquoise
ENKUR,blue
ENO2,turquoise
ENPP2,pink
ENSA,red
ENTPD1,yellow
ENTPD2,blue
ENTPD3,turquoise
ENTPD6,turquoise
ENY2,midnightblue
EP300,grey60
EP400,green
EPB41L1,turquoise
EPB41L5,blue
EPB49,turquoise
EPDR1,turquoise
EPHA4,turquoise
EPHA5,turquoise
EPHB6,turquoise
EPN1,turquoise
EPN2,green
EPS15,turquoise
EPS15L1,turquoise
EPSTI1,yellow
ERBB2,blue
ERBB3,pink
ERC2,turquoise
ERCC2,green
ERCC3,turquoise
ERGIC2,brown
ERICH1,turquoise
ERLIN2,blue
ESD,blue
ESRRG,turquoise
ESYT1,salmon
ETFA,midnightblue
EVI2B,yellow
EVI5,black
EVI5L,magenta
EVL,turquoise
EWSR1,blue
EXD2,blue
EXOC6,turquoise
EXOG,greenyellow
EXOSC1,midnightblue
EXOSC10,brown
EXOSC6,green
EXT1,turquoise
EXTL1,turquoise
EXTL3,turquoise
EYA2,blue
F12,turquoise
F2R,black
F2RL1,blue
F3,yellow
F5,blue
FA2H,pink
FABP3,magenta
FABP5,blue
FABP6,turquoise
FABP7,red
FADS1,blue
FADS2,blue
FAH,blue
FAHD1,turquoise
FAHD2A,brown
FAHD2B,salmon
FAIM,tan
FAIM2,turquoise
FAM100A,turquoise
FAM102B,turquoise
FAM103A1,magenta
FAM104B,salmon
FAM107A,blue
FAM107B,pink
FAM108A3,red
FAM108B1,brown
FAM10A4,brown
FAM10A7,brown
FAM110B,turquoise
FAM111A,yellow
FAM113B,yellow
FAM115A,black
FAM116A,blue
FAM116B,turquoise
FAM119A,turquoise
FAM119B,blue
FAM120B,turquoise
FAM125A,yellow
FAM125B,pink
FAM126B,turquoise
FAM127A,turquoise
FAM127B,blue
FAM129B,yellow
FAM131A,turquoise
FAM131C,green
FAM133B,black
FAM134A,turquoise
FAM136A,turquoise
FAM153B,black
FAM158A,turquoise
FAM160A2,turquoise
FAM162A,magenta
FAM164A,purple
FAM164C,blue
FAM168B,green
FAM173A,turquoise
FAM174A,turquoise
FAM174B,turquoise
FAM177A1,black
FAM179B,magenta
FAM181A,blue
FAM181B,blue
FAM188A,magenta
FAM189B,turquoise
FAM18B,tan
FAM190B,turquoise
FAM195A,red
FAM19A1,turquoise
FAM19A2,turquoise
FAM20B,turquoise
FAM20C,blue
FAM23B,turquoise
FAM24B,turquoise
FAM36A,brown
FAM38A,blue
FAM3C,turquoise
FAM40B,black
FAM43A,turquoise
FAM49B,brown
FAM53B,salmon
FAM53C,turquoise
FAM59B,blue
FAM62B,green
FAM63A,black
FAM65A,turquoise
FAM65B,turquoise
FAM69B,turquoise
FAM70A,blue
FAM71E1,turquoise
FAM73A,black
FAM80A,turquoise
FAM81A,turquoise
FAM84B,blue
FAM89A,blue
FAM92A1,red
FAM96A,yellow
FAM98A,magenta
FAR2,turquoise
FARP1,blue
FARSA,turquoise
FARSLB,black
FASTK,magenta
FASTKD2,turquoise
FAT1,blue
FAU,blue
FBLN1,blue
FBP1,yellow
FBXL15,turquoise
FBXL16,turquoise
FBXL2,turquoise
FBXL5,tan
FBXO11,turquoise
FBXO17,blue
FBXO18,black
FBXO2,blue
FBXO21,turquoise
FBXO3,red
FBXO30,blue
FBXO31,turquoise
FBXO33,turquoise
FBXO34,turquoise
FBXO41,turquoise
FBXO8,yellow
FBXW11,turquoise
FBXW4,blue
FBXW5,turquoise
FBXW7,turquoise
FBXW9,turquoise
FCAR,black
FCER1G,yellow
FCGBP,yellow
FCGR1A,yellow
FCGR1B,yellow
FCGR2A,yellow
FCGRT,blue
FCRLB,turquoise
FDX1L,turquoise
FEM1A,turquoise
FEM1C,blue
FER1L3,yellow
FERMT2,blue
FERMT3,yellow
FES,yellow
FEZ1,pink
FEZ2,blue
FEZF2,turquoise
FGD1,turquoise
FGD2,yellow
FGD3,yellow
FGF1,tan
FGF12,turquoise
FGF13,turquoise
FGF14,turquoise
FGF2,blue
FGF9,purple
FGFR3,blue
FGFRL1,blue
FGL2,yellow
FGR,yellow
FH,magenta
FHL1,blue
FHL2,turquoise
FHL3,blue
FHL5,greenyellow
FIBCD1,turquoise
FIBIN,blue
FIBP,turquoise
FICD,cyan
FIG4,turquoise
FILIP1,turquoise
FILIP1L,greenyellow
FIZ1,green
FKBP14,black
FKBP1A,turquoise
FKBP1B,turquoise
FKBP3,magenta
FKBP4,turquoise
FKBP5,greenyellow
FKBP8,green
FKBP9L,blue
FKSG30,brown
FKTN,black
FLII,blue
FLJ10081,blue
FLJ10357,blue
FLJ10781,turquoise
FLJ11235,turquoise
FLJ14213,pink
FLJ20021,turquoise
FLJ20489,pink
FLJ20699,blue
FLJ21986,blue
FLJ22184,turquoise
FLJ22662,blue
FLJ23584,blue
FLJ25404,turquoise
FLJ33590,turquoise
FLJ33996,turquoise
FLJ35258,blue
FLJ37078,turquoise
FLJ37228,turquoise
FLJ38969,turquoise
FLJ40722,black
FLJ41423,black
FLJ41603,pink
FLJ42177,blue
FLJ44124,black
FLJ46309,black
FLNB,salmon
FLNC,blue
FLOT2,turquoise
FLRT3,turquoise
FMN2,blue
FMNL2,brown
FN3KRP,brown
FNBP1,pink
FNBP1L,brown
FNDC1,turquoise
FNDC3A,brown
FNDC5,turquoise
FOLH1,pink
FOS,lightcyan
FOSB,lightcyan
FOXG1,magenta
FOXJ3,turquoise
FOXK1,green
FOXO1,blue
FOXRED2,cyan
FPR1,yellow
FREQ,turquoise
FRG1,brown
FRMD6,blue
FRMPD3,blue
FRMPD4,turquoise
FRS3,turquoise
FRYL,pink
FSD1,turquoise
FSTL1,blue
FTH1,brown
FTHL11,brown
FTHL12,brown
FTHL2,brown
FTHL3,brown
FTHL7,tan
FTHL8,brown
FTL,yellow
FTSJ1,turquoise
FUBP3,blue
FUCA1,yellow
FUCA2,blue
FUNDC1,magenta
FUT8,brown
FVT1,blue
FXR2,green
FXYD1,blue
FXYD5,yellow
FXYD7,turquoise
FYB,yellow
FYCO1,blue
FYN,yellow
FYTTD1,brown
G3BP2,turquoise
GAA,blue
GABARAPL1,turquoise
GABBR1,turquoise
GABBR2,turquoise
GABPB2,black
GABRA1,turquoise
GABRA5,turquoise
GABRB1,purple
GABRB3,turquoise
GABRG1,brown
GABRG2,turquoise
GAD1,turquoise
GADD45A,greenyellow
GADD45B,lightcyan
GADD45G,greenyellow
GAL3ST1,pink
GAL3ST3,turquoise
GALC,salmon
GALK1,blue
GALNT10,blue
GALNT11,turquoise
GALNT13,blue
GALNT3,black
GALNT9,turquoise
GALNTL1,turquoise
GALNTL2,blue
GALNTL4,turquoise
GAP43,turquoise
GAPDH,green
GARNL3,turquoise
GARNL4,turquoise
GARS,turquoise
GAS6,blue
GATAD2B,cyan
GATM,blue
GBA2,turquoise
GBF1,green
GBP1,yellow
GBP2,yellow
GBP4,yellow
GCAT,turquoise
GCLC,blue
GCLM,blue
GCN1L1,brown
GDAP1,red
GDAP1L1,turquoise
GDE1,turquoise
GDF10,blue
GDI1,turquoise
GDI2,brown
GDPD1,purple
GDPD2,blue
GDPD5,green
GEFT,turquoise
GEM,lightcyan
GFAP,blue
GFM2,turquoise
GFOD1,turquoise
GFOD2,turquoise
GFPT2,blue
GFRA2,turquoise
GGA1,turquoise
GGCT,turquoise
GHDC,blue
GHITM,turquoise
GIMAP4,yellow
GIPC1,blue
GIT1,turquoise
GJA1,blue
GJB6,turquoise
GJC1,black
GJC2,pink
GLA,yellow
GLB1,blue
GLDN,pink
GLG1,blue
GLIPR1,yellow
GLIPR2,blue
GLIS3,blue
GLO1,midnightblue
GLOD4,magenta
GLRB,turquoise
GLRX,turquoise
GLRX5,turquoise
GLS,turquoise
GLS2,turquoise
GLT25D1,yellow
GLT8D1,brown
GLTP,pink
GLTPD1,turquoise
GLTSCR2,blue
GLUD1,blue
GM2A,yellow
GMDS,turquoise
GMNN,greenyellow
GMPR,blue
GMPR2,brown
GNA11,purple
GNA12,blue
GNA13,blue
GNAI2,blue
GNAI3,blue
GNAL,turquoise
GNAO1,turquoise
GNAQ,red
GNB1,turquoise
GNB2,green
GNB2L1,yellow
GNB5,purple
GNG10,red
GNG11,tan
GNG12,tan
GNG2,turquoise
GNG3,turquoise
GNL2,brown
GNL3,turquoise
GNL3L,cyan
GNPTAB,turquoise
GNPTG,blue
GNS,blue
GOLGA2,green
GOLGA7,pink
GOLGA7B,turquoise
GOLM1,blue
GOLPH3L,green
GOLPH4,blue
GOLSYN,turquoise
GORASP1,blue
GOSR2,red
GOT1,turquoise
GOT2,turquoise
GPATCH1,green
GPATCH4,turquoise
GPBP1,tan
GPC1,green
GPC4,blue
GPD1L,turquoise
GPHN,turquoise
GPI,turquoise
GPKOW,brown
GPM6A,red
GPM6B,blue
GPNMB,yellow
GPR1,black
GPR108,blue
GPR12,turquoise
GPR137,turquoise
GPR137B,blue
GPR162,turquoise
GPR172A,green
GPR177,blue
GPR22,turquoise
GPR26,turquoise
GPR27,turquoise
GPR34,yellow
GPR37,pink
GPR37L1,blue
GPR44,greenyellow
GPR56,blue
GPR62,pink
GPR65,yellow
GPR83,turquoise
GPR89B,red
GPR89C,red
GPRASP2,turquoise
GPRC5B,salmon
GPRC5C,blue
GPRIN1,turquoise
GPS1,turquoise
GPSM1,blue
GPSM3,yellow
GPT2,blue
GPX1,yellow
GRAMD3,blue
GRAMD4,blue
GRASP,greenyellow
GRB10,turquoise
GRB2,red
GRIA1,turquoise
GRIA2,purple
GRIK2,turquoise
GRIK5,turquoise
GRIN1,turquoise
GRIN2C,blue
GRINA,green
GRIPAP1,turquoise
GRM1,turquoise
GRM2,turquoise
GRM3,pink
GRM4,green
GRM7,turquoise
GRN,yellow
GRP,turquoise
GRPEL1,turquoise
GRWD1,green
GSDMC,blue
GSDMD,blue
GSK3B,cyan
GSPT2,turquoise
GSS,turquoise
GSTCD,brown
GSTK1,yellow
GSTM3,blue
GSTP1,blue
GSTTP2,black
GSTZ1,blue
GTF2H1,magenta
GTF2IP1,red
GTF3C1,green
GTF3C6,brown
GUCA1A,turquoise
GUCY1A3,cyan
GUCY1B3,red
GUF1,turquoise
GUK1,turquoise
GUSB,blue
GXYLT1,blue
GYG1,blue
GYG2,blue
GYPC,yellow
H1F0,blue
H1FX,green
H2AFZ,turquoise
H3F3A,grey60
H3F3B,salmon
HABP4,turquoise
HADH,blue
HADHA,blue
HADHB,brown
HAGH,turquoise
HAPLN4,turquoise
HAR1A,turquoise
HARS,turquoise
HARS2,green
HAT1,brown
HAVCR2,yellow
HBP1,blue
HBQ1,turquoise
HCCA2,green
HCCS,turquoise
HCG2P7,black
HCG4,yellow
HCG9,turquoise
HCK,yellow
HCLS1,yellow
HCN2,green
HCP5,yellow
HCST,yellow
HDAC1,blue
HDAC2,magenta
HDAC5,green
HDDC3,blue
HDGFRP3,magenta
HDHD2,brown
HEATR2,blue
HEATR5B,turquoise
HEBP1,blue
HEBP2,brown
HECA,brown
HECTD1,green
HEG1,blue
HEPACAM,blue
HEPH,blue
HERC1,turquoise
HERC4,turquoise
HERC5,blue
HERPUD1,greenyellow
HES6,blue
HEXB,yellow
HEY2,blue
HIAT1,red
HIBADH,blue
HIF1A,brown
HIGD1A,red
HINT1,turquoise
HINT2,blue
HIP2,turquoise
HIPK2,black
HISPPD2A,turquoise
HIST1H1C,brown
HIST1H2AC,red
HIST1H2BJ,brown
HIST1H4C,cyan
HIST3H2A,red
HK1,turquoise
HK2,brown
HLA-A,yellow
HLA-B,yellow
HLA-DMA,yellow
HLA-DMB,yellow
HLA-DOA,yellow
HLA-DPA1,yellow
HLA-DPB1,yellow
HLA-DQA1,yellow
HLA-DQB1,yellow
HLA-DRA,yellow
HLA-DRB3,yellow
HLA-DRB4,yellow
HLA-DRB6,yellow
HLA-E,blue
HLA-F,yellow
HLA-H,yellow
HLCS,green
HLF,turquoise
HMG20B,blue
HMGB1,brown
HMGB1L1,brown
HMGB2,blue
HMGCL,blue
HMGCLL1,turquoise
HMGCR,turquoise
HMGN1,tan
HMGN2,brown
HMOX1,yellow
HMP19,turquoise
HN1,red
HNRNPD,blue
HNRNPH2,red
HNRNPU,black
HNRPA1L-2,brown
HNRPA1P4,brown
HNRPC,brown
HNRPDL,brown
HNRPH3,brown
HNRPR,purple
HNRPUL1,blue
HOMER1,turquoise
HOMER2,turquoise
HOMER3,green
HOOK1,purple
HOPX,turquoise
HOXD13,turquoise
HPCA,turquoise
HPCAL4,turquoise
HPRT1,turquoise
HPS5,blue
HPS6,turquoise
HRAS,turquoise
HRASLS3,pink
HRCT1,green
HRK,turquoise
HSD11B1L,turquoise
HSD17B11,tan
HSD17B12,blue
HSD17B14,blue
HSD17B7,black
HSD17B8,blue
HSDL1,turquoise
HSDL2,blue
HSP90AA1,turquoise
HSP90AB1,turquoise
HSPA12A,turquoise
HSPA14,turquoise
HSPA2,pink
HSPA4,magenta
HSPA4L,turquoise
HSPA8,turquoise
HSPB1,brown
HSPB2,blue
HSPB6,blue
HSPB8,blue
HSPBP1,red
HSPC268,black
HSPD1,brown
HSPE1,brown
HSPH1,turquoise
HSZFP36,green
HTR2A,turquoise
HTR4,purple
HTRA1,green
HVCN1,blue
HYAL2,greenyellow
HYLS1,turquoise
HYOU1,turquoise
IARS,turquoise
IBTK,brown
ICA1,turquoise
ICA1L,turquoise
ICAM5,turquoise
ICOSLG,green
ID2,tan
ID3,blue
IDH3A,turquoise
IDH3B,turquoise
IDH3G,turquoise
IDI1,brown
IDS,turquoise
IER2,lightcyan
IER3,lightcyan
IER3IP1,brown
IER5,greenyellow
IFI16,yellow
IFI27,yellow
IFI27L2,brown
IFI30,yellow
IFI35,yellow
IFI44,yellow
IFIT2,yellow
IFIT3,yellow
IFITM1,yellow
IFITM2,yellow
IFITM3,yellow
IFNGR1,yellow
IFNGR2,red
IFP38,brown
IFT122,turquoise
IFT57,blue
IGDCC3,purple
IGDCC4,blue
IGFBP1,greenyellow
IGFBP5,blue
IGFBP7,yellow
IGSF1,blue
IGSF21,turquoise
IGSF5,blue
IGSF6,yellow
IGSF8,green
IHPK3,greenyellow
IL10,black
IL10RB,yellow
IL11RA,blue
IL12RB2,turquoise
IL13RA1,yellow
IL17D,blue
IL17RB,blue
IL17RD,black
IL18,black
IL18BP,yellow
IL1B,lightcyan
IL20RA,blue
IL28RA,greenyellow
IL34,turquoise
IL4R,yellow
IL8,lightcyan
ILF3,green
ILK,blue
IMAA,black
IMMT,magenta
IMP3,turquoise
IMPA1,brown
IMPA2,blue
IMPDH1,turquoise
IMPDH2,blue
INA,turquoise
INF2,pink
INPP4B,turquoise
INPP5E,green
INPPL1,blue
INSIG2,turquoise
INTS2,brown
IP6K1,turquoise
IP6K2,red
IPO5,red
IQCA1,blue
IQCE,green
IQCG,brown
IQCK,blue
IQSEC2,turquoise
IRAK1,blue
IRAK3,greenyellow
IRF1,yellow
IRF2BP1,green
IRF3,blue
IRF7,yellow
IRF9,yellow
IRS2,turquoise
IRX3,blue
ISCA1,magenta
ISCA1L,red
ISCA2,turquoise
ISLR,yellow
ISLR2,turquoise
ITFG1,turquoise
ITFG3,salmon
ITGA2,blue
ITGAE,magenta
ITGAL,yellow
ITGAM,yellow
ITGAV,yellow
ITGAX,yellow
ITGB1,yellow
ITGB2,yellow
ITGB4,blue
ITGB4BP,turquoise
ITGB5,blue
ITIH2,yellow
ITIH5,black
ITM2C,blue
ITPA,turquoise
ITPK1,blue
ITPKA,turquoise
ITPKB,blue
ITPR1,turquoise
ITPR3,yellow
ITPRIP,blue
ITSN1,blue
IVNS1ABP,blue
JAG2,turquoise
JAK1,red
JAKMIP2,brown
JAM2,blue
JAM3,pink
JARID1A,grey60
JARID2,green
JAZF1,magenta
JOSD2,blue
JPH1,turquoise
JPH3,turquoise
JPH4,turquoise
JUN,lightcyan
JUNB,lightcyan
KAL1,blue
KALRN,turquoise
KANK1,blue
KARS,green
KATNA1,blue
KATNAL1,blue
KATNB1,turquoise
KBTBD11,blue
KBTBD6,turquoise
KBTBD9,turquoise
KCMF1,turquoise
KCNA1,turquoise
KCNA5,blue
KCNAB1,turquoise
KCNAB2,turquoise
KCNB1,purple
KCNB2,turquoise
KCNC4,turquoise
KCND2,turquoise
KCNF1,turquoise
KCNG3,turquoise
KCNH3,turquoise
KCNH6,black
KCNIP1,turquoise
KCNIP2,turquoise
KCNIP4,turquoise
KCNJ10,brown
KCNJ4,turquoise
KCNJ6,turquoise
KCNJ8,blue
KCNK1,turquoise
KCNK12,red
KCNK2,turquoise
KCNK4,turquoise
KCNMB1,blue
KCNMB2,turquoise
KCNN1,turquoise
KCNN3,grey60
KCNQ2,turquoise
KCNS1,turquoise
KCNS3,turquoise
KCNT1,turquoise
KCNT2,turquoise
KCNV1,turquoise
KCTD12,cyan
KCTD13,turquoise
KCTD16,turquoise
KCTD17,turquoise
KCTD20,grey60
KCTD3,blue
KCTD6,turquoise
KCTD8,turquoise
KDELC2,blue
KDM3B,blue
KEAP1,blue
KHDC1,green
KHDRBS3,turquoise
KHNYN,blue
KHSRP,black
KIAA0090,green
KIAA0101,black
KIAA0146,turquoise
KIAA0195,blue
KIAA0232,turquoise
KIAA0247,greenyellow
KIAA0284,turquoise
KIAA0319,turquoise
KIAA0355,pink
KIAA0363,pink
KIAA0368,turquoise
KIAA0391,blue
KIAA0408,turquoise
KIAA0427,green
KIAA0494,blue
KIAA0513,turquoise
KIAA0528,magenta
KIAA0556,blue
KIAA0649,turquoise
KIAA0664,green
KIAA0672,turquoise
KIAA0773,green
KIAA0895,turquoise
KIAA1026,cyan
KIAA1128,turquoise
KIAA1191,turquoise
KIAA1217,turquoise
KIAA1239,turquoise
KIAA1324,turquoise
KIAA1409,turquoise
KIAA1467,turquoise
KIAA1468,turquoise
KIAA1539,green
KIAA1543,turquoise
KIAA1598,pink
KIAA1600,turquoise
KIAA1644,turquoise
KIAA1671,turquoise
KIAA1688,turquoise
KIAA1751,black
KIAA1797,turquoise
KIAA1862,green
KIAA1881,blue
KIAA1949,yellow
KIAA2013,blue
KIDINS220,green
KIF13B,pink
KIF17,turquoise
KIF19,greenyellow
KIF1A,turquoise
KIF1B,green
KIF21A,magenta
KIF21B,turquoise
KIF2A,turquoise
KIF3B,turquoise
KIF3C,turquoise
KIF5A,turquoise
KIF5B,red
KIF5C,turquoise
KIF6,blue
KIFAP3,turquoise
KIFC2,turquoise
KIT,turquoise
KL,turquoise
KLC1,turquoise
KLC2,turquoise
KLF15,greenyellow
KLF2,lightcyan
KLF4,lightcyan
KLF6,blue
KLF9,greenyellow
KLHDC2,brown
KLHDC3,turquoise
KLHDC5,turquoise
KLHL12,turquoise
KLHL13,turquoise
KLHL2,turquoise
KLHL21,green
KLHL22,turquoise
KLHL24,blue
KLHL26,green
KLHL28,cyan
KLHL3,turquoise
KLHL35,turquoise
KLHL5,blue
KLHL7,turquoise
KLK6,pink
KLK7,turquoise
KNDC1,turquoise
KPNB1,brown
KRAS,turquoise
KRCC1,brown
KRT222,turquoise
KSR2,turquoise
KTN1,brown
KYNU,yellow
L1CAM,turquoise
LAGE3,turquoise
LAIR1,black
LAMA4,blue
LAMB2,blue
LAMC1,blue
LAMP1,salmon
LAMP2,pink
LANCL2,turquoise
LAP3,yellow
LAPTM4B,blue
LAPTM5,yellow
LARGE,turquoise
LARP4,brown
LARP4B,green
LARP6,pink
LARP7,blue
LAS1L,blue
LASS1,blue
LASS2,pink
LASS6,cyan
LAT2,yellow
LBA1,green
LCMT1,turquoise
LCMT2,green
LCOR,black
LCP1,yellow
LDB2,turquoise
LDHB,brown
LDHD,green
LDOC1,turquoise
LDOC1L,green
LEP,black
LEPREL1,blue
LEPROT,grey60
LEPROTL1,magenta
LETMD1,turquoise
LFNG,blue
LGALS1,blue
LGALS3,brown
LGALS3BP,blue
LGALS8,turquoise
LGALS9,yellow
LGI1,turquoise
LGI3,pink
LGI4,blue
LGTN,blue
LHFPL2,yellow
LHFPL4,turquoise
LHX2,purple
LHX6,turquoise
LILRA2,yellow
LILRB1,black
LILRB3,black
LILRB4,yellow
LIMS1,yellow
LIN7B,turquoise
LINGO1,turquoise
LINGO2,turquoise
LIPE,pink
LIX1,blue
LLGL1,salmon
LMBR1,turquoise
LMBRD1,blue
LMF1,green
LMF2,blue
LMNA,blue
LMNB2,green
LMO2,brown
LMO3,turquoise
LMO4,turquoise
LMO7,turquoise
LMOD3,black
LMTK3,turquoise
LNX1,turquoise
LOC100008589,purple
LOC113386,turquoise
LOC127295,brown
LOC134997,brown
LOC145853,turquoise
LOC148915,blue
LOC150356,salmon
LOC151579,brown
LOC158345,brown
LOC200030,blue
LOC201229,turquoise
LOC202134,turquoise
LOC220433,brown
LOC220686,turquoise
LOC255130,yellow
LOC255783,turquoise
LOC283412,brown
LOC283683,turquoise
LOC284293,blue
LOC284821,tan
LOC284988,brown
LOC285016,turquoise
LOC285053,brown
LOC285176,brown
LOC285900,brown
LOC286016,magenta
LOC338758,turquoise
LOC339804,brown
LOC340529,turquoise
LOC341457,red
LOC345630,turquoise
LOC346887,turquoise
LOC346950,brown
LOC347376,brown
LOC347544,brown
LOC374395,blue
LOC387820,turquoise
LOC387841,brown
LOC387856,turquoise
LOC387867,red
LOC387934,brown
LOC388481,turquoise
LOC388494,turquoise
LOC388532,brown
LOC388588,blue
LOC388621,brown
LOC388654,red
LOC388789,brown
LOC389286,red
LOC389293,red
LOC389435,brown
LOC389517,black
LOC389599,brown
LOC389787,brown
LOC390354,brown
LOC390466,red
LOC391656,brown
LOC399888,blue
LOC399900,black
LOC399942,red
LOC400120,turquoise
LOC400455,yellow
LOC400721,black
LOC400890,blue
LOC400948,blue
LOC400963,yellow
LOC400986,black
LOC401019,brown
LOC401206,tan
LOC401321,green
LOC401397,tan
LOC402057,brown
LOC402221,brown
LOC402251,brown
LOC402509,turquoise
LOC402644,magenta
LOC402694,brown
LOC407835,green
LOC440055,tan
LOC440093,tan
LOC440145,turquoise
LOC440157,black
LOC440359,yellow
LOC440589,red
LOC440704,black
LOC440733,brown
LOC440737,brown
LOC440926,grey60
LOC440927,brown
LOC440928,turquoise
LOC440934,turquoise
LOC441019,greenyellow
LOC441087,turquoise
LOC441151,turquoise
LOC441408,blue
LOC441763,purple
LOC441775,tan
LOC442454,brown
LOC554235,turquoise
LOC641848,brown
LOC641849,brown
LOC642031,turquoise
LOC642236,brown
LOC642333,black
LOC642489,turquoise
LOC642817,red
LOC642947,black
LOC642989,brown
LOC643037,turquoise
LOC643284,brown
LOC643287,brown
LOC643310,brown
LOC643357,red
LOC643389,turquoise
LOC643446,red
LOC643509,black
LOC643668,red
LOC643882,black
LOC643949,brown
LOC643985,turquoise
LOC643997,magenta
LOC644039,brown
LOC644063,red
LOC644131,magenta
LOC644150,turquoise
LOC644162,brown
LOC644172,red
LOC644250,black
LOC644278,turquoise
LOC644310,magenta
LOC644330,red
LOC644511,brown
LOC644596,turquoise
LOC644615,yellow
LOC644762,red
LOC644774,red
LOC644799,turquoise
LOC644863,tan
LOC645100,turquoise
LOC645138,brown
LOC645176,green
LOC645385,red
LOC645436,red
LOC645466,black
LOC645688,brown
LOC645895,black
LOC645904,green
LOC645968,brown
LOC646197,magenta
LOC646200,tan
LOC646531,blue
LOC646567,red
LOC646675,red
LOC646766,brown
LOC646786,black
LOC646849,brown
LOC646900,brown
LOC647000,turquoise
LOC647037,magenta
LOC647340,turquoise
LOC647346,blue
LOC647349,red
LOC647361,brown
LOC647389,black
LOC647673,brown
LOC647856,brown
LOC648000,brown
LOC648024,red
LOC648210,red
LOC648249,red
LOC648343,brown
LOC648399,magenta
LOC648509,cyan
LOC648622,brown
LOC648638,brown
LOC648695,red
LOC648852,black
LOC649049,brown
LOC649095,red
LOC649143,yellow
LOC649150,red
LOC649362,blue
LOC649548,brown
LOC649555,red
LOC649679,magenta
LOC649821,brown
LOC649841,black
LOC649946,brown
LOC649970,turquoise
LOC649999,turquoise
LOC650257,turquoise
LOC651064,brown
LOC651143,red
LOC651149,brown
LOC651202,brown
LOC651436,brown
LOC651816,turquoise
LOC651894,brown
LOC652071,brown
LOC652377,turquoise
LOC652388,red
LOC652481,red
LOC652489,red
LOC652595,midnightblue
LOC652624,red
LOC652730,turquoise
LOC652773,red
LOC652826,red
LOC652864,red
LOC652968,greenyellow
LOC653086,black
LOC653103,turquoise
LOC653127,turquoise
LOC653147,midnightblue
LOC653226,tan
LOC653308,turquoise
LOC653314,brown
LOC653316,black
LOC653381,blue
LOC653383,red
LOC653438,turquoise
LOC653479,red
LOC653489,black
LOC653505,red
LOC653566,tan
LOC653658,brown
LOC653773,brown
LOC653778,brown
LOC653879,yellow
LOC653888,yellow
LOC653994,red
LOC654096,blue
LOC654121,brown
LOC654244,brown
LOC727825,green
LOC728481,brown
LOC728554,turquoise
LOC728556,red
LOC728643,brown
LOC728689,turquoise
LOC728739,turquoise
LOC728973,brown
LOC729148,turquoise
LOC729317,magenta
LOC729446,turquoise
LOC729603,black
LOC729776,blue
LOC730051,turquoise
LOC730316,turquoise
LOC730413,turquoise
LOC730432,blue
LOC730455,red
LOC730534,blue
LOC730740,brown
LOC730744,turquoise
LOC730820,turquoise
LOC731049,turquoise
LOC731314,blue
LOC731486,yellow
LOC731640,brown
LOC731835,turquoise
LOC731895,turquoise
LOC731985,brown
LOC732007,red
LOC732165,turquoise
LOC732425,turquoise
LOC88523,turquoise
LOC90586,black
LOC93622,turquoise
LONP2,purple
LONRF2,turquoise
LOXL3,yellow
LOXL4,blue
LPAR1,pink
LPAR4,blue
LPAR5,yellow
LPCAT1,turquoise
LPCAT4,turquoise
LPHN1,turquoise
LPIN1,blue
LPIN2,turquoise
LPP,grey60
LPPR2,turquoise
LPPR3,turquoise
LPPR4,turquoise
LPPR5,turquoise
LPXN,yellow
LRAP,turquoise
LRFN2,turquoise
LRFN3,turquoise
LRFN4,green
LRFN5,turquoise
LRIG1,blue
LRP1,blue
LRP10,brown
LRP11,turquoise
LRP1B,turquoise
LRP3,turquoise
LRP4,blue
LRP5,blue
LRP8,turquoise
LRPPRC,turquoise
LRRC1,greenyellow
LRRC20,turquoise
LRRC23,blue
LRRC33,blue
LRRC37B,turquoise
LRRC40,red
LRRC49,turquoise
LRRC4C,purple
LRRC7,turquoise
LRRC8A,blue
LRRFIP1,black
LRRN2,turquoise
LRRN3,turquoise
LRRTM1,turquoise
LRTOMT,blue
LRWD1,turquoise
LSM12,red
LSM14A,blue
LSM2,blue
LSM4,turquoise
LSM7,tan
LSS,salmon
LST1,yellow
LTA4H,yellow
LTBP3,blue
LTBR,blue
LUC7L,green
LUM,yellow
LUZP1,turquoise
LXN,turquoise
LY6E,turquoise
LY6H,turquoise
LY86,yellow
LY96,yellow
LYAR,blue
LYL1,yellow
LYPD1,red
LYPD5,turquoise
LYPLA2,turquoise
LYPLAL1,red
LYSMD2,turquoise
LZTS1,turquoise
M6PR,red
MACROD1,green
MAD2L1,turquoise
MAD2L1BP,turquoise
MAD2L2,blue
MADD,turquoise
MAEA,red
MAEL,turquoise
MAFB,yellow
MAFG,turquoise
MAG,pink
MAGED1,turquoise
MAGED2,red
MAGEE1,turquoise
MAGEH1,turquoise
MAGT1,black
MAK16,brown
MAL,pink
MAL2,turquoise
MAN1C1,blue
MAN2B1,blue
MAN2B2,brown
MANBAL,turquoise
MANSC1,turquoise
MAOA,turquoise
MAOB,blue
MAP1A,turquoise
MAP1B,cyan
MAP1LC3A,turquoise
MAP2K1,turquoise
MAP2K4,turquoise
MAP2K5,turquoise
MAP3K1,yellow
MAP3K5,grey60
MAP3K7IP1,green
MAP3K9,turquoise
MAP4,turquoise
MAP4K1,yellow
MAP4K2,red
MAP4K3,red
MAP4K5,blue
MAP6,turquoise
MAP6D1,pink
MAP7,pink
MAP7D2,turquoise
MAPK1,turquoise
MAPK10,turquoise
MAPK3,turquoise
MAPK4,blue
MAPK7,green
MAPK8IP1,turquoise
MAPK8IP2,turquoise
MAPK8IP3,turquoise
MAPK9,turquoise
MAPKAP1,red
MAPKAPK3,blue
MAPKBP1,green
MAPRE1,blue
MAPRE3,turquoise
MAPT,turquoise
3-Mar,blue
4-Mar,turquoise
6-Mar,cyan
7-Mar,tan
MARCKS,blue
MARCKSL1,pink
MARK1,turquoise
MARLIN1,turquoise
MASP1,blue
MAST1,turquoise
MAST3,turquoise
MAT2A,salmon
MATK,turquoise
MATN2,blue
MATR3,magenta
MBD4,black
MBD6,salmon
MBLAC2,turquoise
MBNL2,brown
MBOAT2,grey60
MBOAT7,turquoise
MBP,red
MBTD1,black
MBTPS1,green
MCART1,black
MCAT,turquoise
MCF2,turquoise
MCFD2,magenta
MCL1,greenyellow
MCM3,blue
MCM4,turquoise
MCM8,black
MCOLN1,turquoise
MCOLN3,turquoise
MCTP1,turquoise
MCTS1,magenta
MDH1,turquoise
MDH2,turquoise
MDP1,turquoise
ME2,red
ME3,turquoise
MEA1,green
MEAF6,turquoise
MECR,turquoise
MED10,turquoise
MED12,green
MED19,turquoise
MED25,green
MED27,turquoise
MED6,turquoise
MED8,turquoise
MEF2C,cyan
MEF2D,turquoise
MEG3,turquoise
MEGF10,salmon
MEIS3,turquoise
MEN1,green
MERTK,greenyellow
MESP1,turquoise
METAP1,turquoise
METAP2,blue
METRN,blue
METTL1,turquoise
METTL7A,brown
MEX3C,brown
MFAP4,blue
MFAP5,blue
MFNG,yellow
MFSD1,yellow
MFSD11,black
MFSD3,turquoise
MFSD4,turquoise
MFSD5,green
MGAT1,blue
MGAT3,turquoise
MGAT4A,yellow
MGAT4B,turquoise
MGC13057,blue
MGC16703,black
MGC3032,turquoise
MGC39606,turquoise
MGC42367,turquoise
MGC52000,green
MGC57346,turquoise
MGC70857,green
MGC71993,turquoise
MGEA5,turquoise
MGLL,turquoise
MGP,yellow
MGRN1,green
MGST1,yellow
MGST2,yellow
MIB2,green
MICAL1,yellow
MICAL2,turquoise
MID1IP1,salmon
MIER2,green
MIF,turquoise
MKKS,turquoise
MKL2,turquoise
MKLN1,blue
MKNK2,greenyellow
MKX,blue
MLC1,blue
MLEC,blue
MLF2,turquoise
MLL4,green
MLLT1,turquoise
MLLT11,turquoise
MLYCD,green
MMD,turquoise
MMGT1,blue
MMS19L,turquoise
MNT,purple
MOAP1,turquoise
MOBKL2B,salmon
MOBKL2C,blue
MOBP,pink
MOCS2,red
MOG,pink
MORC2,green
MORF4L1,brown
MORF4L2,red
MORN4,turquoise
MPHOSPH6,magenta
MPHOSPH8,turquoise
MPL,blue
MPP2,magenta
MPPED1,turquoise
MPPED2,turquoise
MPRIP,green
MPST,blue
MRLC2,turquoise
MRO,blue
MRPL1,turquoise
MRPL12,turquoise
MRPL14,turquoise
MRPL15,magenta
MRPL17,turquoise
MRPL18,red
MRPL19,brown
MRPL2,green
MRPL20,red
MRPL21,midnightblue
MRPL23,turquoise
MRPL28,turquoise
MRPL3,turquoise
MRPL32,red
MRPL35,turquoise
MRPL37,turquoise
MRPL40,blue
MRPL41,turquoise
MRPL45,magenta
MRPL48,brown
MRPL50,brown
MRPL53,blue
MRPS10,turquoise
MRPS11,turquoise
MRPS12,turquoise
MRPS15,turquoise
MRPS17,turquoise
MRPS18C,midnightblue
MRPS2,green
MRPS21,brown
MRPS22,turquoise
MRPS25,turquoise
MRPS27,midnightblue
MRPS28,brown
MRPS30,turquoise
MRPS33,midnightblue
MRPS35,red
MRTO4,turquoise
MS4A6A,yellow
MS4A7,yellow
MSC,turquoise
MSH3,black
MSI2,blue
MSL3L1,purple
MSN,blue
MSRA,turquoise
MSRB3,blue
MSX1,blue
MT1A,blue
MT1E,blue
MT1F,blue
MT1H,blue
MT1M,blue
MT1X,greenyellow
MT2A,blue
MT3,turquoise
MTA1,green
MTAP,blue
MTCH1,turquoise
MTCP1,blue
MTDH,brown
MTF1,grey60
MTFMT,turquoise
MTHFD2,greenyellow
MTIF3,brown
MTM1,blue
MTMR11,yellow
MTMR3,green
MTMR4,turquoise
MTMR6,magenta
MTMR7,turquoise
MTMR9,turquoise
MTPN,turquoise
MTRF1L,black
MTX2,turquoise
MUC1,yellow
MUDENG,magenta
MUM1,turquoise
MUM1L1,turquoise
MUS81,green
MUT,cyan
MUTED,blue
MUTYH,blue
MVD,green
MVK,green
MVP,blue
MX1,yellow
MXRA5,yellow
MYBPC1,blue
MYC,greenyellow
MYCBP2,purple
MYH10,turquoise
MYH14,green
MYH7B,green
MYH9,blue
MYL12A,blue
MYL3,blue
MYL5,blue
MYL6B,turquoise
MYLK,blue
MYO10,brown
MYO16,turquoise
MYO1D,pink
MYO5A,turquoise
MYO5C,blue
MYO9B,pink
MYOM1,blue
MYOT,salmon
MYOZ1,blue
MYPOP,turquoise
MYRIP,turquoise
MYST3,blue
MYT1L,turquoise
MZF1,turquoise
Magmas,turquoise
N4BP1,green
N4BP2,black
N6AMT2,blue
NAB1,blue
NACA,brown
NACAP1,brown
NADK,green
NAG18,black
NAGK,yellow
NAGPA,turquoise
NANOS3,turquoise
NAP1L1,blue
NAP1L2,turquoise
NAP1L3,turquoise
NAP1L5,turquoise
NAPB,turquoise
NAPSB,yellow
NARF,turquoise
NARS,magenta
NAT14,turquoise
NAT5,red
NAT6,green
NAV1,cyan
NAV2,blue
NAV3,turquoise
NBAS,green
NBEA,turquoise
NBL1,turquoise
NCALD,turquoise
NCAM2,turquoise
NCAPG2,turquoise
NCBP2,brown
NCDN,turquoise
NCF1,yellow
NCF1C,yellow
NCKAP1,turquoise
NCKAP1L,yellow
NCOA1,turquoise
NCOA3,greenyellow
NCOA4,blue
NCOA5,green
NCOA7,turquoise
NCOR2,green
NCSTN,blue
NDEL1,turquoise
NDFIP1,turquoise
NDFIP2,turquoise
NDN,turquoise
NDP,blue
NDRG1,pink
NDRG3,turquoise
NDRG4,turquoise
NDST3,purple
NDUFA1,midnightblue
NDUFA10,turquoise
NDUFA11,midnightblue
NDUFA12,midnightblue
NDUFA13,green
NDUFA3,turquoise
NDUFA4,turquoise
NDUFA8,turquoise
NDUFA9,turquoise
NDUFAB1,turquoise
NDUFAF2,turquoise
NDUFB1,turquoise
NDUFB10,brown
NDUFB11,turquoise
NDUFB2,midnightblue
NDUFB3,midnightblue
NDUFB5,midnightblue
NDUFB6,turquoise
NDUFB7,turquoise
NDUFB8,turquoise
NDUFS3,turquoise
NDUFS4,midnightblue
NDUFS5,midnightblue
NDUFS8,turquoise
NDUFV1,turquoise
NEBL,brown
NECAB1,turquoise
NECAB3,turquoise
NECAP1,turquoise
NECAP2,blue
NEDD4L,turquoise
NEDD8,turquoise
NEDD9,greenyellow
NEFH,turquoise
NEFL,turquoise
NEFM,turquoise
NEGR1,turquoise
NEIL2,turquoise
NEK1,blue
NEK11,blue
NELF,magenta
NELL1,turquoise
NELL2,turquoise
NES,blue
NETO1,turquoise
NETO2,turquoise
NEUROD1,turquoise
NEUROD2,turquoise
NEUROD6,turquoise
NEUROG2,turquoise
NFE2L1,blue
NFE2L2,blue
NFIA,blue
NFIC,black
NFIX,blue
NFKB1,blue
NFKBIA,greenyellow
NFKBIZ,lightcyan
NFYC,turquoise
NGDN,brown
NGFRAP1,turquoise
NGRN,midnightblue
NHP2,turquoise
NHP2L1,turquoise
NICN1,turquoise
NIN,blue
NINJ1,yellow
NINJ2,pink
NIP30,blue
NIPAL4,pink
NIPBL,blue
NIPSNAP1,turquoise
NISCH,turquoise
NIT2,turquoise
NKD2,turquoise
NKG7,yellow
NKIRAS1,turquoise
NKRF,turquoise
NKX6-2,pink
NLGN1,turquoise
NLGN2,turquoise
NLGN3,green
NLGN4X,turquoise
NLK,magenta
NLRP8,black
NMB,blue
NMD3,brown
NME1,turquoise
NME1-NME2,red
NME4,blue
NME5,turquoise
NMI,yellow
NMNAT2,turquoise
NNT,magenta
NOL4,turquoise
NOL6,turquoise
NOL7,brown
NOMO1,turquoise
NOMO2,turquoise
NOP56,magenta
NOS1AP,turquoise
NOSIP,tan
NOTCH2,blue
NOV,turquoise
NP,blue
NPAL3,pink
NPAS1,turquoise
NPAS3,grey60
NPAS4,turquoise
NPC1,pink
NPC2,blue
NPEPL1,blue
NPEPPS,turquoise
NPL,yellow
NPLOC4,green
NPM2,turquoise
NPTN,turquoise
NPTX1,turquoise
NPTX2,turquoise
NPTXR,turquoise
NPY,turquoise
NPY5R,turquoise
NQO1,yellow
NR1H2,blue
NR1H3,brown
NR2F1,blue
NR2F6,turquoise
NR3C2,turquoise
NR4A2,lightcyan
NRAS,blue
NRCAM,brown
NRGN,turquoise
NRIP3,turquoise
NRN1,turquoise
NRP1,turquoise
NRSN2,turquoise
NRXN1,turquoise
NRXN2,turquoise
NSF,turquoise
NSFL1C,blue
NSMAF,yellow
NSMCE1,blue
NT5C,blue
NT5C2,blue
NT5C3L,turquoise
NT5DC1,blue
NT5DC2,blue
NT5DC3,turquoise
NT5M,green
NTF3,turquoise
NTNG1,blue
NTRK2,blue
NTS,turquoise
NUBPL,black
NUCB2,brown
NUCKS1,black
NUDCD2,brown
NUDCD3,turquoise
NUDT11,turquoise
NUDT16L1,turquoise
NUDT18,turquoise
NUDT21,red
NUDT5,yellow
NUDT9,turquoise
NUMA1,salmon
NUMB,blue
NUP133,blue
NUP160,blue
NUP188,blue
NUP205,blue
NUP214,blue
NUP43,blue
NUP50,turquoise
NUP54,blue
NUP93,turquoise
NUPR1,blue
NWD1,blue
NXPH1,turquoise
NXT2,brown
OAS2,yellow
OAT,midnightblue
OAZ1,turquoise
OCIAD1,turquoise
OCIAD2,turquoise
OCRL,turquoise
ODC1,blue
ODF2,green
ODZ3,turquoise
OFD1,blue
OGDH,blue
OGDHL,turquoise
OGFR,green
OGG1,red
OLFM1,turquoise
OLFML2A,blue
OLFML3,yellow
OLR1,yellow
OMA1,blue
OPA1,turquoise
OPA3,purple
OPALIN,pink
OPCML,turquoise
OPLAH,blue
OPRL1,turquoise
OPTN,blue
OR7A5,greenyellow
OR7E156P,red
ORC2L,green
ORC5L,turquoise
ORC6L,black
OSBPL10,turquoise
OSBPL11,greenyellow
OSBPL2,blue
OSBPL7,green
OSBPL9,blue
OSCAR,yellow
OSGIN2,blue
OSM,lightcyan
OSR1,turquoise
OSTC,red
OTOF,turquoise
OTOS,blue
OTUB1,turquoise
OTUD1,lightcyan
OXCT1,turquoise
OXR1,turquoise
P15RS,turquoise
P2RX4,yellow
P2RY12,red
P4HA1,brown
P4HB,blue
P4HTM,turquoise
P704P,brown
P76,blue
P8,blue
PA2G4,black
PABPC1,yellow
PABPC1L2B,turquoise
PABPC4,blue
PACS1,green
PACSIN1,turquoise
PACSIN3,salmon
PAFAH1B1,turquoise
PAICS,blue
PAK1,turquoise
PAK2,brown
PAK3,turquoise
PAK6,turquoise
PAK7,turquoise
PALLD,blue
PALM,turquoise
PALM2,turquoise
PAMR1,blue
PANK1,turquoise
PANK2,turquoise
PANX2,magenta
PAPD5,purple
PAPLN,blue
PAPOLA,brown
PAQR6,salmon
PAQR8,blue
PARD6A,turquoise
PARK2,turquoise
PARM1,turquoise
PARP1,blue
PARP10,yellow
PARP12,yellow
PARP14,yellow
PARP4,blue
PARP6,turquoise
PARP9,yellow
PARVB,green
PARVG,yellow
PATL1,blue
PAX6,blue
PBX3,blue
PBXIP1,blue
PC,blue
PCBD1,blue
PCBP1,blue
PCBP2,blue
PCBP4,pink
PCCA,turquoise
PCDH17,cyan
PCDH18,blue
PCDH19,turquoise
PCDH20,turquoise
PCDH7,turquoise
PCDH8,turquoise
PCDH9,black
PCDHA1,cyan
PCDHB19P,black
PCDHB4,blue
PCDHB5,blue
PCDHB9,black
PCF11,blue
PCID2,red
PCIF1,green
PCM1,blue
PCMT1,turquoise
PCMTD1,brown
PCNA,brown
PCNP,blue
PCNXL3,green
PCOLCE,yellow
PCOLCE2,turquoise
PCSK1N,turquoise
PCTK3,pink
PCYOX1,cyan
PDCD10,brown
PDCD2,turquoise
PDCD2L,turquoise
PDCD4,grey60
PDCD7,black
PDDC1,blue
PDE1A,turquoise
PDE1B,turquoise
PDE2A,turquoise
PDE4C,black
PDE4D,turquoise
PDE7B,blue
PDE8B,cyan
PDE9A,blue
PDGFB,greenyellow
PDGFRB,blue
PDHA1,turquoise
PDHB,turquoise
PDHX,turquoise
PDIA3P,brown
PDK2,turquoise
PDK4,greenyellow
PDLIM3,blue
PDPK1,turquoise
PDPN,blue
PDRG1,turquoise
PDS5B,turquoise
PDSS1,blue
PDSS2,black
PDXP,turquoise
PDZD2,green
PDZD4,turquoise
PDZD7,turquoise
PEA15,blue
PEBP1,brown
PECAM1,yellow
PECI,brown
PEF1,turquoise
PEG10,magenta
PEG3,cyan
PELI1,turquoise
PELI2,blue
PELI3,turquoise
PELO,turquoise
PEPD,blue
PER1,greenyellow
PER3,blue
PEX11B,turquoise
PEX16,turquoise
PEX19,turquoise
PFDN1,midnightblue
PFDN4,turquoise
PFDN5,brown
PFDN6,turquoise
PFKFB3,blue
PFKL,green
PFKM,turquoise
PFN2,turquoise
PFTK1,turquoise
PGAM1,red
PGAM2,blue
PGAM4,red
PGAM5,turquoise
PGAP1,turquoise
PGBD5,turquoise
PGCP,blue
PGK1,red
PGLS,blue
PGM1,blue
PGM2L1,turquoise
PGM3,yellow
PGM5,blue
PGP,turquoise
PGRMC1,turquoise
PGRMC2,blue
PHACTR1,purple
PHACTR2,cyan
PHACTR3,blue
PHACTR4,blue
PHB,blue
PHB2,brown
PHF11,blue
PHF13,green
PHF14,turquoise
PHF15,green
PHF17,turquoise
PHF19,blue
PHF2,blue
PHF20,green
PHF21A,blue
PHF23,magenta
PHGDH,blue
PHIP,blue
PHKA2,grey60
PHKG1,blue
PHLDB1,pink
PHLPP2,turquoise
PHPT1,brown
PHYH,brown
PHYHD1,blue
PHYHIP,turquoise
PI16,blue
PI4KAP1,red
PI4KAP2,turquoise
PI4KB,green
PIAS1,purple
PIAS2,turquoise
PIAS3,green
PIAS4,cyan
PIB5PA,turquoise
PICK1,turquoise
PID1,turquoise
PIGO,green
PIGV,blue
PIGX,black
PIGZ,turquoise
PIK3CB,red
PIK3IP1,blue
PIK3R2,turquoise
PIK4CA,turquoise
PILRA,yellow
PIM2,turquoise
PIN1,turquoise
PIP4K2B,turquoise
PIP4K2C,turquoise
PIP5K1B,turquoise
PIP5K1C,turquoise
PIP5K2B,black
PIPOX,blue
PIPSL,red
PIR,blue
PISD,turquoise
PITPNB,turquoise
PITPNC1,blue
PITPNM1,turquoise
PITRM1,turquoise
PITX2,turquoise
PJA1,turquoise
PJA2,turquoise
PKD1,green
PKM2,green
PKN2,black
PKP2,turquoise
PLA2G2D,black
PLA2G4C,blue
PLA2G7,yellow
PLAGL2,green
PLAU,yellow
PLCB1,turquoise
PLCD1,blue
PLCD3,blue
PLCE1,blue
PLCG2,yellow
PLCH2,turquoise
PLCL2,turquoise
PLCXD3,blue
PLD2,blue
PLD3,turquoise
PLD6,turquoise
PLDN,red
PLEC1,blue
PLEK,yellow
PLEKHA3,red
PLEKHA4,yellow
PLEKHA7,blue
PLEKHB1,salmon
PLEKHB2,cyan
PLEKHG3,pink
PLEKHH1,pink
PLEKHO2,blue
PLIN,blue
PLIN2,yellow
PLK2,turquoise
PLLP,pink
PLOD1,blue
PLOD2,blue
PLOD3,pink
PLRG1,blue
PLS3,salmon
PLSCR3,yellow
PLSCR4,blue
PLTP,blue
PLXDC2,yellow
PLXNA1,turquoise
PLXNA2,turquoise
PLXNA3,blue
PLXNB1,salmon
PLXNB2,blue
PLXNB3,salmon
PMM1,turquoise
PMP2,blue
PMP22,pink
PMPCA,green
PMS2L5,red
PNCK,turquoise
PNKD,turquoise
PNMA1,turquoise
PNMA2,turquoise
PNMA3,turquoise
PNMA5,turquoise
PNO1,turquoise
PNPLA2,green
PNPLA6,green
PNPLA8,brown
PNPO,brown
PNPT1,black
PNRC2,tan
PODXL2,turquoise
POFUT1,black
POGK,pink
POLB,turquoise
POLDIP3,blue
POLE4,turquoise
POLR1C,midnightblue
POLR2A,blue
POLR2B,red
POLR2I,green
POLR2J3,brown
POLR3A,purple
POLR3B,green
POLR3H,blue
POLR3K,turquoise
POLRMT,green
POMT1,turquoise
POMT2,salmon
PON2,blue
PON3,blue
POP4,brown
POPDC3,turquoise
PORCN,turquoise
POU2F1,green
POU3F1,turquoise
POU3F2,blue
PPA1,turquoise
PPA2,black
PPAP2A,blue
PPAP2B,blue
PPAPDC3,turquoise
PPARGC1A,green
PPEF1,turquoise
PPFIA1,blue
PPFIA2,turquoise
PPFIA4,turquoise
PPFIBP1,turquoise
PPFIBP2,pink
PPIE,tan
PPIH,red
PPL,turquoise
PPM1E,turquoise
PPM1H,turquoise
PPME1,turquoise
PPP1CA,midnightblue
PPP1CC,brown
PPP1R11,turquoise
PPP1R13B,turquoise
PPP1R13L,blue
PPP1R14A,pink
PPP1R14C,turquoise
PPP1R15A,lightcyan
PPP1R16A,magenta
PPP1R1B,blue
PPP1R2,turquoise
PPP1R3F,turquoise
PPP1R7,turquoise
PPP2CA,turquoise
PPP2R1A,turquoise
PPP2R2B,turquoise
PPP2R2C,turquoise
PPP2R2D,turquoise
PPP2R3C,brown
PPP2R4,turquoise
PPP2R5A,blue
PPP2R5B,green
PPP2R5D,turquoise
PPP2R5E,cyan
PPP3CA,turquoise
PPP3CB,turquoise
PPP3R1,turquoise
PPP4R1,blue
PPP4R4,turquoise
PPT1,brown
PPT2,green
PPTC7,purple
PQBP1,red
PQLC1,turquoise
PQLC3,blue
PRC1,green
PRCP,blue
PRDM1,greenyellow
PRDM16,blue
PRDM2,turquoise
PRDM8,turquoise
PRDX1,blue
PRDX2,red
PRDX3,red
PRDX6,blue
PREB,green
PREI3,turquoise
PRELID1,turquoise
PREP,turquoise
PREPL,turquoise
PRICKLE1,purple
PRICKLE2,turquoise
PRKAB1,greenyellow
PRKAG2,red
PRKAR1B,red
PRKCABP,green
PRKCB1,turquoise
PRKCDBP,yellow
PRKCE,turquoise
PRKCG,turquoise
PRKCH,blue
PRKCZ,turquoise
PRKD1,blue
PRKRA,magenta
PRKX,blue
PRMT1,turquoise
PRMT2,blue
PRNP,turquoise
PRNPIP,turquoise
PRODH,blue
PROSC,blue
PRPF38A,blue
PRR12,green
PRR13,blue
PRR16,blue
PRR18,pink
PRR5,turquoise
PRR7,turquoise
PRRG1,pink
PRRG3,turquoise
PRRT1,turquoise
PRRT2,turquoise
PRRT3,turquoise
PRRX1,blue
PRSS3,turquoise
PRTFDC1,blue
PSAP,brown
PSAT1,salmon
PSCD1,pink
PSD,turquoise
PSD2,blue
PSD3,purple
PSD4,blue
PSEN2,turquoise
PSIP1,brown
PSMA1,turquoise
PSMA3,brown
PSMA4,magenta
PSMA5,turquoise
PSMA6,midnightblue
PSMB2,turquoise
PSMB3,turquoise
PSMB5,turquoise
PSMB6,turquoise
PSMB7,turquoise
PSMB8,yellow
PSMB9,yellow
PSMC1,turquoise
PSMC4,red
PSMC5,brown
PSMC6,midnightblue
PSMD1,turquoise
PSMD12,black
PSMD14,magenta
PSMD6,midnightblue
PSMD7,turquoise
PSMD8,turquoise
PSME1,yellow
PSME2,yellow
PSME3,turquoise
PSMF1,blue
PSMG1,turquoise
PTBP1,blue
PTCD2,turquoise
PTCHD1,blue
PTCHD2,blue
PTDSS1,turquoise
PTGDS,blue
PTGES2,turquoise
PTGES3,brown
PTGR1,turquoise
PTGS2,lightcyan
PTH1R,blue
PTK2B,turquoise
PTMA,brown
PTMS,turquoise
PTOV1,green
PTPDC1,green
PTPLAD2,black
PTPN11,salmon
PTPN23,green
PTPN4,turquoise
PTPN6,yellow
PTPRD,pink
PTPRE,purple
PTPRN,turquoise
PTPRN2,turquoise
PTPRO,turquoise
PTPRR,turquoise
PTPRT,turquoise
PTPRU,turquoise
PTPRZ1,brown
PTRF,blue
PTRH2,turquoise
PTS,turquoise
PTTG1,turquoise
PTTG1IP,blue
PTTG3P,turquoise
PUM1,cyan
PUM2,turquoise
PURB,green
PUS7,turquoise
PVALB,turquoise
PVRL3,turquoise
PWP1,turquoise
PWWP2B,turquoise
PYCARD,yellow
PYGB,blue
PYGL,yellow
PYGM,blue
ProSAPiP1,turquoise
QARS,blue
QDPR,pink
QPCT,turquoise
QPRT,blue
R3HDM1,magenta
RAB11A,turquoise
RAB11FIP2,turquoise
RAB11FIP4,green
RAB11FIP5,turquoise
RAB15,turquoise
RAB22A,turquoise
RAB23,blue
RAB24,turquoise
RAB26,turquoise
RAB28,tan
RAB2A,red
RAB31,blue
RAB32,yellow
RAB33B,brown
RAB34,blue
RAB36,turquoise
RAB3A,turquoise
RAB3C,turquoise
RAB3GAP1,cyan
RAB3IL1,blue
RAB40C,turquoise
RAB4B,turquoise
RAB5A,brown
RAB5B,salmon
RAB6A,turquoise
RAB6B,turquoise
RAB7L1,blue
RAB8B,magenta
RAB9A,blue
RAB9B,purple
RABAC1,green
RABGAP1,cyan
RABGGTB,brown
RABL2B,turquoise
RABL4,turquoise
RAC2,yellow
RAC3,turquoise
RAD17,turquoise
RAD23A,green
RAD23B,green
RAD51C,turquoise
RAD9A,green
RAE1,turquoise
RAI14,salmon
RALB,turquoise
RALGPS1,turquoise
RALY,salmon
RALYL,turquoise
RAMP3,blue
RAN,red
RANBP1,red
RANBP6,red
RANGAP1,turquoise
RAP1GAP,turquoise
RAP1GDS1,turquoise
RAPGEF4,turquoise
RAPGEF6,blue
RAPGEFL1,turquoise
RARRES1,turquoise
RARRES2,blue
RARRES3,blue
RARS,turquoise
RASA1,turquoise
RASAL1,turquoise
RASAL3,yellow
RASD1,greenyellow
RASD2,turquoise
RASGRF1,turquoise
RASGRP1,magenta
RASGRP3,pink
RASIP1,green
RASL10A,turquoise
RASL10B,turquoise
RASL11B,turquoise
RASL12,blue
RASSF2,pink
RASSF6,turquoise
RASSF7,turquoise
RAVER1,blue
RAVER2,blue
RAXL1,black
RB1,red
RBBP5,turquoise
RBBP7,brown
RBBP8,blue
RBED1,green
RBL2,blue
RBM11,turquoise
RBM17,blue
RBM18,turquoise
RBM24,turquoise
RBM25,brown
RBM34,magenta
RBM38,blue
RBM39,cyan
RBM4,red
RBM42,blue
RBM4B,blue
RBM9,purple
RBP4,turquoise
RBX1,brown
RCBTB2,blue
RCE1,green
RCHY1,turquoise
RCN1,blue
RCN2,midnightblue
RCOR2,turquoise
RCOR3,blue
RDH10,blue
RDH14,turquoise
RDH5,blue
RDX,salmon
RECQL5,green
REEP1,turquoise
REEP2,magenta
REEP6,turquoise
RELA,blue
RELL2,turquoise
RENBP,blue
RER1,blue
RERE,green
RERG,turquoise
RESP18,turquoise
RETSAT,blue
REV1,turquoise
REXO1,turquoise
RFFL,pink
RFK,turquoise
RFPL1S,turquoise
RFTN2,blue
RFX2,blue
RGL2,blue
RGMA,blue
RGS1,greenyellow
RGS10,yellow
RGS12,blue
RGS14,turquoise
RGS16,lightcyan
RGS17,turquoise
RGS19,yellow
RGS4,turquoise
RGS5,brown
RGS7,turquoise
RGS7BP,turquoise
RHBDD1,blue
RHBDD2,turquoise
RHBDF1,yellow
RHBDF2,yellow
RHBDL1,turquoise
RHBDL2,black
RHOA,brown
RHOBTB3,grey60
RHOC,blue
RHOG,pink
RHOQ,grey60
RHOT1,turquoise
RHOT2,green
RHPN1,blue
RHPN2,yellow
RICS,turquoise
RILPL1,brown
RIMBP2,turquoise
RIMS1,turquoise
RIMS2,turquoise
RIMS4,turquoise
RIN1,turquoise
RIN2,blue
RING1,blue
RIPK1,blue
RIPK2,blue
RIPPLY2,turquoise
RIT2,turquoise
RLTPR,turquoise
RMI1,blue
RN7SL1,black
RNASE2,yellow
RNASE4,blue
RNASE6,yellow
RNASEH1,purple
RNASET2,yellow
RND2,blue
RND3,greenyellow
RNF10,green
RNF11,red
RNF112,turquoise
RNF114,blue
RNF121,turquoise
RNF123,turquoise
RNF126,turquoise
RNF13,pink
RNF135,blue
RNF141,blue
RNF145,turquoise
RNF146,red
RNF149,yellow
RNF150,turquoise
RNF157,purple
RNF165,purple
RNF175,turquoise
RNF185,green
RNF187,red
RNF19A,blue
RNF19B,green
RNF20,blue
RNF208,turquoise
RNF216,black
RNF26,green
RNF31,green
RNF40,green
RNF41,turquoise
RNF43,turquoise
RNF5P1,red
RNF7,turquoise
RNF8,red
RNGTT,turquoise
RNH1,pink
RNMT,turquoise
RNMTL1,turquoise
ROBO3,blue
ROCK2,black
ROD1,yellow
ROM1,blue
ROPN1L,turquoise
RP11-529I10.4,turquoise
RPA1,blue
RPAIN,turquoise
RPESP,blue
RPL11,blue
RPL12,tan
RPL13,brown
RPL14,brown
RPL17,tan
RPL19,blue
RPL21,brown
RPL23,brown
RPL23A,brown
RPL23AP7,tan
RPL24,brown
RPL26,brown
RPL26L1,turquoise
RPL27A,brown
RPL29,red
RPL3,brown
RPL30,blue
RPL31,brown
RPL34,midnightblue
RPL35,brown
RPL36AL,tan
RPL37A,brown
RPL39,brown
RPL5,brown
RPL7,brown
RPL7A,brown
RPL7L1,black
RPL9,brown
RPLP0,tan
RPLP1,brown
RPLP2,brown
RPN1,blue
RPP40,turquoise
RPRD1A,midnightblue
RPRML,turquoise
RPS10,green
RPS13,brown
RPS14,brown
RPS15,blue
RPS15A,brown
RPS16,blue
RPS17,tan
RPS19,brown
RPS19BP1,turquoise
RPS2,tan
RPS20,brown
RPS21,red
RPS25,tan
RPS27,blue
RPS27L,blue
RPS28,brown
RPS29,brown
RPS3,yellow
RPS3A,brown
RPS4X,tan
RPS5,brown
RPS6,brown
RPS6KA2,salmon
RPS6KA5,blue
RPS7,turquoise
RPS9,blue
RPUSD2,turquoise
RPUSD3,turquoise
RPUSD4,turquoise
RQCD1,turquoise
RRAD,blue
RRAGA,turquoise
RRAGB,turquoise
RRAGC,cyan
RRAS,blue
RRBP1,salmon
RRM1,grey60
RRP12,turquoise
RSPO3,turquoise
RSPRY1,cyan
RSRC2,brown
RSU1,brown
RTBDN,turquoise
RTCD1,turquoise
RTKN,pink
RTN1,turquoise
RTN2,turquoise
RTN3,turquoise
RTN4IP1,turquoise
RTN4R,turquoise
RTN4RL1,turquoise
RTP1,blue
RUFY3,turquoise
RUNDC1,turquoise
RUNDC2C,black
RUNDC3A,turquoise
RUNDC3B,turquoise
RUNX3,yellow
RUSC1,turquoise
RUSC2,turquoise
RUVBL1,turquoise
RUVBL2,turquoise
RWDD2A,turquoise
RWDD4A,blue
RXRA,blue
RYBP,cyan
RYR1,blue
RYR2,purple
S100A10,blue
S100A11,yellow
S100A13,blue
S100A16,blue
S100A4,yellow
S100A6,yellow
S1PR3,blue
S1PR5,pink
SAC3D1,green
SACM1L,brown
SACS,magenta
SAE1,turquoise
SAFB2,blue
SALL2,blue
SAMD14,turquoise
SAMD3,turquoise
SAMD9L,blue
SAMSN1,yellow
SAP18,blue
SAP30BP,green
SAP30L,brown
SAPS1,turquoise
SAPS2,purple
SAR1A,brown
SARM1,green
SARS,magenta
SARS2,turquoise
SASH1,blue
SASH3,yellow
SAT1,yellow
SAT2,brown
SBDS,brown
SBDSP,red
SBF1,turquoise
SBF2,blue
SBK1,turquoise
SC4MOL,brown
SCAMP1,turquoise
SCAMP2,blue
SCAMP5,turquoise
SCAND1,red
SCARA3,yellow
SCARB1,green
SCARB2,pink
SCFD1,turquoise
SCG5,turquoise
SCGB1D2,blue
SCGN,turquoise
SCIN,yellow
SCLY,green
SCN1B,red
SCN2A,purple
SCN2B,turquoise
SCN3A,turquoise
SCN3B,turquoise
SCN4B,turquoise
SCNM1,tan
SCNN1G,turquoise
SCO1,midnightblue
SCO2,turquoise
SCOC,magenta
SCPEP1,yellow
SCRG1,blue
SCRIB,brown
SCRN1,blue
SCYL1,magenta
SDAD1,turquoise
SDC4,blue
SDCBP,red
SDCBP2,turquoise
SDCCAG1,cyan
SDF4,blue
SDHAF1,turquoise
SDHALP1,black
SDHB,turquoise
SDHD,brown
SDK2,blue
SDPR,greenyellow
SDSL,blue
SEC11A,blue
SEC11C,brown
SEC14L2,blue
SEC14L5,pink
SEC16A,green
SEC22C,blue
SEC31A,brown
SEC61A2,turquoise
SEC61B,brown
SEC61G,midnightblue
SECISBP2L,pink
SEH1L,turquoise
SELENBP1,blue
SELI,turquoise
SELK,brown
SELL,blue
SELS,blue
SELT,turquoise
SEMA3B,salmon
SEMA3E,turquoise
SEMA4A,turquoise
SEMA4B,blue
SEMA4D,salmon
SEMA4F,turquoise
SEMA5B,turquoise
SEMA6B,turquoise
15-Sep,brown
SEPHS1,blue
SEPHS2,magenta
SEPN1,blue
SEPP1,brown
11-Sep,blue
2-Sep,blue
3-Sep,turquoise
4-Sep,pink
5-Sep,turquoise
7-Sep,brown
8-Sep,red
9-Sep,blue
SEPW1,turquoise
SEPX1,blue
SERBP1,blue
SERF2,tan
SERGEF,turquoise
SERINC1,brown
SERINC3,purple
SERP1,brown
SERP2,turquoise
SERPINA1,yellow
SERPINA3,blue
SERPINA5,blue
SERPINB1,yellow
SERPINB6,blue
SERPINE1,greenyellow
SERPINE2,blue
SERPING1,blue
SERPINH1,yellow
SERPINI1,turquoise
SERTAD1,lightcyan
SERTAD2,blue
SESN1,greenyellow
SETD1A,green
SETD4,turquoise
SEZ6,turquoise
SEZ6L,turquoise
SEZ6L2,turquoise
SF3A2,green
SF3B1,blue
SF3B14,brown
SF3B3,green
SFRP2,blue
SFRP4,blue
SFRS1,brown
SFRS10,brown
SFRS13B,turquoise
SFRS14,turquoise
SFRS2B,midnightblue
SFRS4,grey60
SFRS7,turquoise
SFT2D1,blue
SFXN5,green
SGCE,blue
SGIP1,turquoise
SGK,greenyellow
SGPP2,turquoise
SGSH,blue
SGSM1,turquoise
SGSM2,turquoise
SH2B1,green
SH2D5,turquoise
SH3BGRL,blue
SH3BP5L,green
SH3GL2,turquoise
SH3GL3,turquoise
SH3GLB2,turquoise
SH3RF1,magenta
SH3TC1,greenyellow
SHANK2,turquoise
SHANK3,turquoise
SHC1,yellow
SHC3,purple
SHCBP1,black
SHFM1,blue
SHMT1,blue
SHPRH,green
SHROOM4,black
SIGLEC10,greenyellow
SIGLEC5,blue
SIGLEC8,greenyellow
SIGMAR1,green
SIK1,lightcyan
SIN3B,turquoise
SIP1,red
SIPA1,yellow
SIPA1L3,green
SIX5,blue
SKIV2L,green
SKP2,blue
SLBP,turquoise
SLC11A1,yellow
SLC12A4,blue
SLC12A5,turquoise
SLC12A9,blue
SLC13A5,turquoise
SLC14A1,blue
SLC15A3,yellow
SLC15A4,blue
SLC16A10,blue
SLC16A12,black
SLC16A14,turquoise
SLC16A3,yellow
SLC16A4,blue
SLC16A9,blue
SLC17A7,turquoise
SLC1A1,turquoise
SLC1A2,magenta
SLC1A3,blue
SLC1A5,yellow
SLC22A17,green
SLC22A4,blue
SLC22A5,blue
SLC23A2,green
SLC24A3,turquoise
SLC24A4,blue
SLC24A6,blue
SLC25A1,blue
SLC25A11,turquoise
SLC25A12,turquoise
SLC25A14,turquoise
SLC25A15,green
SLC25A20,blue
SLC25A22,turquoise
SLC25A23,turquoise
SLC25A25,turquoise
SLC25A26,turquoise
SLC25A27,turquoise
SLC25A37,green
SLC25A39,yellow
SLC25A4,turquoise
SLC25A43,blue
SLC25A44,magenta
SLC27A1,salmon
SLC27A2,turquoise
SLC29A4,turquoise
SLC2A10,blue
SLC2A3,turquoise
SLC2A5,yellow
SLC2A6,turquoise
SLC30A3,turquoise
SLC30A7,blue
SLC30A9,turquoise
SLC31A2,pink
SLC35A4,blue
SLC35B1,turquoise
SLC35B2,salmon
SLC35E1,black
SLC35F1,turquoise
SLC35F2,blue
SLC35F3,turquoise
SLC38A1,grey60
SLC38A2,blue
SLC39A1,blue
SLC39A11,blue
SLC39A12,blue
SLC39A3,turquoise
SLC39A6,red
SLC3A2,blue
SLC40A1,blue
SLC41A1,blue
SLC41A3,turquoise
SLC44A1,pink
SLC44A2,blue
SLC44A3,blue
SLC44A4,black
SLC45A3,pink
SLC45A4,turquoise
SLC47A2,blue
SLC4A11,blue
SLC4A2,blue
SLC4A3,turquoise
SLC4A5,black
SLC5A11,pink
SLC5A8,black
SLC6A10P,blue
SLC6A15,turquoise
SLC6A17,turquoise
SLC6A7,turquoise
SLC6A8,blue
SLC6A9,salmon
SLC7A1,turquoise
SLC7A14,turquoise
SLC7A2,blue
SLC7A4,turquoise
SLC7A7,yellow
SLC7A8,green
SLC8A2,turquoise
SLC9A1,turquoise
SLC9A3R1,blue
SLC9A6,turquoise
SLC9A9,blue
SLCO2B1,yellow
SLCO3A1,pink
SLFN11,blue
SLIT1,turquoise
SLIT2,turquoise
SLIT3,turquoise
SLITRK1,turquoise
SLITRK3,turquoise
SLITRK4,turquoise
SLITRK5,turquoise
SLMAP,blue
SMAD3,blue
SMAD5,blue
SMAP1,turquoise
SMARCA1,magenta
SMARCA4,magenta
SMARCA5,brown
SMARCB1,green
SMARCC1,blue
SMARCC2,cyan
SMARCD3,turquoise
SMC1A,green
SMEK2,blue
SMG5,magenta
SMO,blue
SMOC1,blue
SMOX,blue
SMPD3,turquoise
SMS,red
SMTNL2,turquoise
SMYD2,turquoise
SMYD3,turquoise
SNAP23,brown
SNAP25,turquoise
SNAP47,turquoise
SNAP91,turquoise
SNAPC1,black
SNAPC2,turquoise
SNAPC3,turquoise
SNAPC5,magenta
SNCA,turquoise
SNCB,turquoise
SNCG,turquoise
SND1,blue
SNPH,turquoise
SNRK,turquoise
SNRNP200,blue
SNRPA1,turquoise
SNRPB2,midnightblue
SNRPD2,midnightblue
SNRPF,tan
SNRPG,blue
SNRPN,turquoise
SNTA1,blue
SNTB1,blue
SNTB2,grey60
SNUPN,turquoise
SNURF,red
SNX10,turquoise
SNX14,magenta
SNX19,blue
SNX21,green
SNX26,turquoise
SNX29,blue
SNX3,magenta
SNX5,blue
SOBP,turquoise
SOCS4,blue
SOD1,magenta
SOD2,yellow
SON,blue
SORBS1,blue
SORBS2,turquoise
SORBS3,blue
SORCS2,blue
SORL1,cyan
SOSTDC1,turquoise
SOX10,pink
SOX13,blue
SOX15,blue
SOX2,blue
SOX3,blue
SOX9,blue
SP110,yellow
SP2,blue
SP3,brown
SPA17,turquoise
SPAG16,brown
SPAG7,turquoise
SPAG9,blue
SPARC,blue
SPATA2L,magenta
SPATA7,turquoise
SPATS2,turquoise
SPATS2L,green
SPCS1,blue
SPCS2,tan
SPEF1,turquoise
SPG11,blue
SPG21,red
SPG3A,turquoise
SPHAR,brown
SPHK2,turquoise
SPHKAP,turquoise
SPI1,yellow
SPIN1,cyan
SPINT2,turquoise
SPIRE1,blue
SPIRE2,turquoise
SPN,black
SPOCD1,yellow
SPOCK1,turquoise
SPOCK2,turquoise
SPON1,blue
SPOP,cyan
SPP1,yellow
SPPL2A,yellow
SPR,blue
SPRN,turquoise
SPRY2,brown
SPRYD3,turquoise
SPRYD5,turquoise
SPTAN1,blue
SPTBN1,red
SPTBN2,turquoise
SPTBN4,turquoise
SPTLC1,black
SRBD1,blue
SRD5A1,turquoise
SREBF1,salmon
SRF,turquoise
SRGAP1,grey60
SRGAP3,turquoise
SRGN,lightcyan
SRI,blue
SRM,turquoise
SRP14,tan
SRP14P1,brown
SRP19,turquoise
SRP9,blue
SRPRB,turquoise
SRPX,blue
SRRM2,blue
SRRM4,turquoise
SS18,blue
SS18L1,turquoise
SS18L2,turquoise
SSBP3,purple
SSBP4,turquoise
SSFA2,tan
SSPN,blue
SSR1,blue
SSR2,red
SSR4,blue
SSSCA1,turquoise
SST,turquoise
SSTR1,turquoise
SSTR2,turquoise
SSX2IP,turquoise
ST13,blue
ST3GAL2,turquoise
ST3GAL3,turquoise
ST3GAL5,turquoise
ST5,blue
ST6GAL1,yellow
ST6GALNAC5,turquoise
ST6GALNAC6,turquoise
ST8SIA2,turquoise
ST8SIA3,turquoise
ST8SIA5,turquoise
STAG2,blue
STAG3L2,black
STAM,turquoise
STARD3NL,turquoise
STARD7,blue
STARD8,greenyellow
STAT1,yellow
STAT3,blue
STAT4,turquoise
STAT5A,blue
STAT5B,blue
STAU1,blue
STAU2,turquoise
STEAP3,blue
STK11IP,green
STK19,blue
STK24,turquoise
STK25,turquoise
STK3,salmon
STK33,blue
STK36,blue
STK39,green
STK4,blue
STK40,blue
STMN2,turquoise
STOM,blue
STOML1,turquoise
STOML2,green
STRADA,turquoise
STRAP,magenta
STRBP,turquoise
STRN3,red
STRN4,turquoise
STS-1,turquoise
STUB1,turquoise
STX11,lightcyan
STX1A,turquoise
STX2,blue
STX6,turquoise
STX7,red
STX8,brown
STXBP1,turquoise
STXBP2,yellow
STXBP5,turquoise
SUB1,turquoise
SUCLA2,turquoise
SUCLG1,turquoise
SUCLG2,brown
SUGT1,turquoise
SULF1,blue
SULF2,turquoise
SULT1A1,black
SULT4A1,turquoise
SUMF2,yellow
SUMO1P3,brown
SUMO2,red
SUPT4H1,turquoise
SUPT5H,green
SURF4,blue
SUSD2,yellow
SUSD4,turquoise
SUV420H1,blue
SUZ12,cyan
SV2A,turquoise
SV2B,turquoise
SVIL,yellow
SVOP,turquoise
SWAP70,yellow
SYAP1,black
SYDE1,blue
SYF2,blue
SYN1,turquoise
SYN2,turquoise
SYNC1,blue
SYNGR1,turquoise
SYNGR3,turquoise
SYNJ1,turquoise
SYNJ2BP,cyan
SYNM,blue
SYNPR,turquoise
SYP,turquoise
SYPL1,blue
SYS1,blue
SYT1,turquoise
SYT13,turquoise
SYT17,purple
SYT3,turquoise
SYT4,turquoise
SYT7,turquoise
SYTL4,blue
SYVN1,brown
TAC1,turquoise
TACC2,turquoise
TACSTD1,turquoise
TADA3,turquoise
TAF13,black
TAF15,grey60
TAF7,magenta
TAF7L,turquoise
TAF9,magenta
TAF9L,tan
TAGLN,yellow
TAGLN2,blue
TAGLN3,turquoise
TAOK1,grey60
TAP1,yellow
TAPBP,blue
TAPT1,brown
TARS,brown
TARSL2,green
TAX1BP1,purple
TAX1BP3,blue
TBC1D10B,green
TBC1D10C,yellow
TBC1D17,green
TBC1D20,blue
TBC1D24,purple
TBC1D2B,blue
TBC1D7,turquoise
TBC1D9,turquoise
TBC1D9B,blue
TBCA,midnightblue
TBCC,turquoise
TBCD,turquoise
TBCE,red
TBL1X,blue
TBPL1,turquoise
TBXAS1,yellow
TCEA1,red
TCEA2,turquoise
TCEA3,blue
TCEAL1,red
TCEAL2,turquoise
TCEAL6,turquoise
TCEAL7,turquoise
TCEAL8,brown
TCEB1,turquoise
TCEB2,turquoise
TCEB3,magenta
TCF20,purple
TCF25,turquoise
TCF3,blue
TCF4,purple
TCFL5,blue
TCIRG1,yellow
TCN2,blue
TCP1,magenta
TCTEX1D2,turquoise
TCTN1,blue
TDP1,turquoise
TDRD1,black
TDRD7,blue
TDRD9,turquoise
TEAD2,blue
TECPR1,purple
TEKT3,blue
TENC1,blue
TERF1,cyan
TERF2IP,turquoise
TESC,turquoise
TESK1,turquoise
TEX10,turquoise
TF,pink
TFAP2A,black
TFB2M,turquoise
TFIP11,blue
TFPT,turquoise
TGDS,blue
TGFB3,blue
TGFBI,yellow
TGFBR2,yellow
TGFBR3,blue
TGIF1,blue
THBS2,salmon
THBS4,blue
THOC2,black
THOC3,turquoise
THOC4,red
THOC7,turquoise
THOP1,turquoise
THTPA,green
THY1,turquoise
THYN1,midnightblue
TIAF1,salmon
TIAM2,turquoise
TIGA1,turquoise
TIMM17A,turquoise
TIMM17B,turquoise
TIMM22,turquoise
TIMM23,turquoise
TIMP1,blue
TIMP2,blue
TIMP3,blue
TINF2,blue
TIPARP,greenyellow
TIPRL,turquoise
TJP1,blue
TJP2,blue
TKT,blue
TLE4,pink
TLK1,turquoise
TLN1,blue
TLR5,yellow
TLR7,yellow
TM2D1,brown
TM2D2,turquoise
TM2D3,turquoise
TM6SF1,yellow
TM9SF2,magenta
TMBIM1,blue
TMBIM6,blue
TMC6,pink
TMCO1,blue
TMCO3,blue
TMED1,blue
TMED10,tan
TMED10P,yellow
TMED2,brown
TMED4,cyan
TMED5,blue
TMED7,brown
TMEFF2,turquoise
TMEM101,green
TMEM106B,brown
TMEM106C,turquoise
TMEM109,blue
TMEM118,turquoise
TMEM119,blue
TMEM125,pink
TMEM126A,midnightblue
TMEM126B,midnightblue
TMEM130,turquoise
TMEM131,turquoise
TMEM132A,blue
TMEM134,blue
TMEM138,blue
TMEM141,turquoise
TMEM144,pink
TMEM147,blue
TMEM149,yellow
TMEM14A,midnightblue
TMEM14B,brown
TMEM14C,blue
TMEM150A,blue
TMEM151A,green
TMEM155,turquoise
TMEM156,yellow
TMEM158,turquoise
TMEM160,turquoise
TMEM163,turquoise
TMEM169,turquoise
TMEM16C,turquoise
TMEM17,black
TMEM173,yellow
TMEM176A,blue
TMEM176B,blue
TMEM177,turquoise
TMEM178,turquoise
TMEM180,turquoise
TMEM181,turquoise
TMEM183A,red
TMEM183B,red
TMEM185B,blue
TMEM189-UBE2V1,red
TMEM191B,turquoise
TMEM198,turquoise
TMEM2,turquoise
TMEM200A,turquoise
TMEM203,turquoise
TMEM205,turquoise
TMEM209,blue
TMEM216,blue
TMEM218,blue
TMEM219,salmon
TMEM222,green
TMEM231,blue
TMEM33,blue
TMEM35,turquoise
TMEM39B,green
TMEM4,brown
TMEM43,blue
TMEM47,blue
TMEM51,yellow
TMEM54,blue
TMEM55B,turquoise
TMEM59,blue
TMEM63A,pink
TMEM66,turquoise
TMEM69,red
TMEM70,turquoise
TMEM74,grey60
TMEM86B,green
TMEM87A,pink
TMEM93,brown
TMEM98,pink
TMEM9B,blue
TMIE,blue
TMLHE,blue
TMTC1,turquoise
TMTC3,red
TMTC4,pink
TMUB1,green
TMX1,blue
TMX4,purple
TNC,blue
TNF,lightcyan
TNFAIP8L1,purple
TNFAIP8L3,turquoise
TNFRSF12A,yellow
TNFRSF1A,blue
TNFRSF1B,yellow
TNFSF13B,yellow
TNFSF14,black
TNFSF15,black
TNIP1,brown
TNKS1BP1,green
TNPO1,grey60
TNPO2,turquoise
TNPO3,cyan
TNRC4,turquoise
TNS1,blue
TNS3,blue
TOB1,blue
TOB2,blue
TOLLIP,turquoise
TOMM20,turquoise
TOMM22,turquoise
TOMM34,turquoise
TOMM40,magenta
TOMM5,magenta
TOMM70A,turquoise
TOR1AIP1,blue
TOX4,brown
TP53BP1,turquoise
TP53BP2,blue
TP53I13,blue
TP53INP2,pink
TP53RK,green
TPD52,turquoise
TPD52L1,blue
TPI1,turquoise
TPK1,green
TPM1,turquoise
TPM2,yellow
TPM3,red
TPMT,turquoise
TPP1,blue
TPPP3,blue
TPR,blue
TPRG1L,turquoise
TPRKB,tan
TPST1,blue
TRA2A,red
TRABD,yellow
TRAF3IP2,blue
TRAK2,blue
TRAM1,blue
TRAP1,turquoise
TRAPPC2,turquoise
TRAPPC5,turquoise
TRAPPC6B,magenta
TRAPPC9,green
TREM2,yellow
TRIL,blue
TRIM13,black
TRIM17,turquoise
TRIM2,brown
TRIM22,yellow
TRIM26,blue
TRIM3,turquoise
TRIM32,turquoise
TRIM36,turquoise
TRIM37,turquoise
TRIM39,blue
TRIM4,blue
TRIM44,green
TRIM46,turquoise
TRIM47,blue
TRIM56,blue
TRIM6,blue
TRIM68,green
TRIO,turquoise
TRIP12,brown
TRIP13,turquoise
TRIP6,blue
TRMT112,brown
TRMT12,turquoise
TRMT5,brown
TRMT61A,green
TRNP1,turquoise
TRNT1,turquoise
TRO,turquoise
TROVE2,grey60
TRPC1,turquoise
TSC1,brown
TSC2,green
TSC22D3,greenyellow
TSC22D4,salmon
TSEN2,turquoise
TSEN34,blue
TSFM,turquoise
TSGA14,turquoise
TSHZ2,blue
TSNAX,red
TSPAN13,turquoise
TSPAN16,turquoise
TSPAN17,turquoise
TSPAN3,tan
TSPAN31,blue
TSPAN33,yellow
TSPAN5,purple
TSPAN6,blue
TSPAN7,turquoise
TSPO,yellow
TSPYL1,turquoise
TSPYL2,turquoise
TSPYL4,turquoise
TSPYL5,turquoise
TSSC1,turquoise
TSSC4,green
TST,blue
TSTA3,turquoise
TTC1,turquoise
TTC13,turquoise
TTC19,turquoise
TTC5,turquoise
TTC9B,turquoise
TTC9C,turquoise
TTL,turquoise
TTLL12,green
TTYH1,blue
TTYH2,pink
TTYH3,green
TUB,turquoise
TUBA1B,turquoise
TUBA1C,red
TUBA3D,turquoise
TUBA4A,turquoise
TUBB,red
TUBB2A,turquoise
TUBB2C,turquoise
TUBB3,turquoise
TUBB4,green
TUBB4Q,magenta
TUBG1,turquoise
TUBG2,turquoise
TUG1,blue
TUSC2,turquoise
TUSC3,turquoise
TWF2,turquoise
TWSG1,blue
TXN,midnightblue
TXNDC17,red
TXNDC5,blue
TXNDC9,magenta
TXNIP,blue
TXNL2,red
TYK2,blue
TYROBP,yellow
U2AF1L4,turquoise
UAP1,brown
UBA3,red
UBA6,brown
UBA7,yellow
UBAP1,blue
UBAP2L,green
UBB,midnightblue
UBC,tan
UBE1,green
UBE2D2,turquoise
UBE2D3,tan
UBE2E1,brown
UBE2E2,turquoise
UBE2E3,turquoise
UBE2F,red
UBE2G2,green
UBE2H,black
UBE2J1,turquoise
UBE2J2,turquoise
UBE2L6,yellow
UBE2M,turquoise
UBE2N,turquoise
UBE2O,purple
UBE2Q1,turquoise
UBE2Q2,brown
UBE2T,turquoise
UBE2V2,turquoise
UBE2W,turquoise
UBE2Z,turquoise
UBE3A,turquoise
UBE4A,brown
UBL4A,turquoise
UBL7,turquoise
UBLCP1,magenta
UBP1,turquoise
UBQLN1,turquoise
UBQLN2,magenta
UBTD1,blue
UBTF,green
UBXN1,brown
UBXN11,turquoise
UBXN2A,blue
UBXN4,blue
UBXN6,turquoise
UCHL1,turquoise
UCHL3,turquoise
UCHL5,turquoise
UCK2,turquoise
UCP2,yellow
UCRC,turquoise
UFM1,red
UGCG,cyan
UGCGL1,black
UGDH,brown
UGP2,turquoise
UHMK1,purple
UHRF1BP1L,turquoise
UIMC1,blue
ULK1,turquoise
UNC119,turquoise
UNC13A,turquoise
UNC13C,turquoise
UNC5A,turquoise
UNC93B1,yellow
UNG,blue
UPF1,blue
UPF3B,blue
UQCC,turquoise
UQCRB,turquoise
UQCRC1,turquoise
UQCRC2,magenta
UQCRFS1,turquoise
UQCRH,turquoise
UQCRHL,magenta
UQCRQ,midnightblue
URG4,turquoise
UROS,turquoise
USF2,blue
USH1C,blue
USO1,magenta
USP11,turquoise
USP14,purple
USP15,turquoise
USP16,blue
USP22,red
USP33,purple
USP37,green
USP42,green
USP49,black
USP5,turquoise
USP7,turquoise
UST,blue
UTP3,brown
UTP6,brown
UXT,blue
VAC14,green
VAMP2,turquoise
VAMP3,salmon
VAMP5,blue
VAMP8,yellow
VANGL2,blue
VASN,blue
VAT1,blue
VBP1,turquoise
VCAM1,blue
VCAN,blue
VCL,blue
VDAC1,turquoise
VDAC3,turquoise
VEGFB,blue
VEZF1,salmon
VGLL4,blue
VHL,purple
VIL2,blue
VIM,yellow
VIPR1,turquoise
VKORC1,yellow
VKORC1L1,turquoise
VOPP1,tan
VPS13A,turquoise
VPS13D,green
VPS24,turquoise
VPS26,brown
VPS26B,turquoise
VPS29,red
VPS33B,turquoise
VPS35,turquoise
VPS36,magenta
VPS37A,brown
VPS37B,green
VPS37D,red
VPS39,green
VPS41,turquoise
VPS4A,green
VPS52,green
VSIG4,yellow
VSNL1,turquoise
VSTM2,turquoise
VSTM2L,turquoise
VTA1,turquoise
VTI1B,magenta
VWA1,pink
VWC2,turquoise
VWF,blue
WAS,yellow
WASF1,turquoise
WASF2,blue
WASL,turquoise
WASPIP,blue
WBP1,magenta
WBP11,green
WBP2,green
WBSCR17,turquoise
WDR12,turquoise
WDR13,turquoise
WDR17,turquoise
WDR21A,turquoise
WDR22,turquoise
WDR4,turquoise
WDR40A,brown
WDR46,green
WDR47,turquoise
WDR49,blue
WDR5,green
WDR51A,turquoise
WDR51B,brown
WDR54,turquoise
WDR6,blue
WDR69,turquoise
WDR7,turquoise
WDR82,cyan
WDR86,turquoise
WFS1,blue
WNT10B,turquoise
WRB,brown
WRNIP1,turquoise
WSB2,brown
WTAP,red
WWC1,blue
XAB2,blue
XK,turquoise
XKR4,purple
XPC,salmon
XPNPEP3,turquoise
XPO1,blue
XPR1,blue
XRCC2,black
XRCC6,green
YAP1,blue
YARS,turquoise
YARS2,turquoise
YBX1,brown
YEATS2,green
YES1,brown
YIPF4,brown
YIPF6,cyan
YJEFN3,turquoise
YME1L1,red
YPEL1,turquoise
YPEL3,turquoise
YPEL4,turquoise
YPEL5,turquoise
YRDC,black
YTHDC1,blue
YTHDF1,blue
YWHAB,turquoise
YWHAG,turquoise
YWHAH,turquoise
YWHAZ,turquoise
ZADH2,cyan
ZAK,blue
ZBED1,blue
ZBTB16,greenyellow
ZBTB20,grey60
ZBTB33,blue
ZBTB34,green
ZBTB43,cyan
ZBTB45,turquoise
ZBTB46,green
ZBTB9,green
ZC3H12B,turquoise
ZC3H15,magenta
ZC3H18,green
ZC3H5,salmon
ZC3HAV1,yellow
ZCCHC12,turquoise
ZCCHC14,green
ZCCHC17,turquoise
ZCCHC24,salmon
ZCCHC9,blue
ZCRB1,blue
ZDHHC13,turquoise
ZDHHC14,purple
ZDHHC16,turquoise
ZDHHC2,brown
ZDHHC22,turquoise
ZDHHC23,turquoise
ZDHHC24,green
ZDHHC3,turquoise
ZDHHC9,pink
ZFAND1,midnightblue
ZFAND2A,turquoise
ZFAND3,blue
ZFAND5,greenyellow
ZFAND6,red
ZFHX3,blue
ZFP106,blue
ZFP161,blue
ZFP36,lightcyan
ZFP36L1,brown
ZFP36L2,tan
ZFP90,blue
ZFP91,blue
ZFPL1,green
ZFPM1,green
ZFPM2,turquoise
ZFR,brown
ZFYVE21,blue
ZFYVE26,blue
ZFYVE27,turquoise
ZHX1,blue
ZHX2,blue
ZHX3,blue
ZIC2,blue
ZIC4,blue
ZKSCAN2,green
ZMAT2,turquoise
ZMAT3,turquoise
ZMAT5,tan
ZMIZ1,blue
ZMPSTE24,blue
ZMYM2,turquoise
ZMYM6,yellow
ZMYND11,grey60
ZMYND12,blue
ZMYND15,yellow
ZMYND19,turquoise
ZMYND8,turquoise
ZNF10,green
ZNF133,green
ZNF135,green
ZNF14,black
ZNF142,green
ZNF148,cyan
ZNF17,green
ZNF18,green
ZNF184,turquoise
ZNF189,turquoise
ZNF20,blue
ZNF212,green
ZNF213,green
ZNF22,blue
ZNF223,black
ZNF226,magenta
ZNF234,cyan
ZNF248,turquoise
ZNF25,turquoise
ZNF260,blue
ZNF275,cyan
ZNF277,red
ZNF280B,green
ZNF281,cyan
ZNF282,green
ZNF302,blue
ZNF324,green
ZNF329,turquoise
ZNF331,brown
ZNF34,green
ZNF358,brown
ZNF364,cyan
ZNF365,turquoise
ZNF385A,blue
ZNF394,turquoise
ZNF395,blue
ZNF407,green
ZNF408,green
ZNF423,blue
ZNF428,turquoise
ZNF430,black
ZNF438,blue
ZNF444,green
ZNF462,cyan
ZNF483,black
ZNF486,black
ZNF503,purple
ZNF512,blue
ZNF521,brown
ZNF533,turquoise
ZNF536,pink
ZNF540,turquoise
ZNF544,turquoise
ZNF549,black
ZNF557,black
ZNF562,cyan
ZNF573,cyan
ZNF577,black
ZNF579,green
ZNF593,turquoise
ZNF594,green
ZNF609,green
ZNF621,blue
ZNF650,turquoise
ZNF652,black
ZNF653,turquoise
ZNF655,black
ZNF667,turquoise
ZNF668,turquoise
ZNF669,black
ZNF680,brown
ZNF682,black
ZNF689,cyan
ZNF69,black
ZNF7,green
ZNF707,green
ZNF746,turquoise
ZNF773,black
ZNF786,black
ZNF787,black
ZNF800,blue
ZNF821,turquoise
ZNF831,turquoise
ZNF91,turquoise
ZNFX1,blue
ZNHIT3,midnightblue
ZNHIT6,blue
ZNRF3,green
ZRANB1,black
ZRANB2,brown
ZSCAN18,turquoise
ZSWIM5,green
ZUFSP,turquoise
ZWILCH,turquoise
ZYG11B,purple
ZYX,yellow